,1,2,3,4,5,6,7,8,9,10,11
0,89.54285714285713,88.99306,88.76627272727272,88.3071642857143,87.76454166666667,89.99634677419354,86.68074242424242,89.07043965517242,88.92201851851851,89.96817857142857,88.30794927536232
1,89.86428571428571,88.82186,88.59312121212122,88.2647,87.77764166666667,89.98458870967741,86.8089090909091,89.30340517241379,88.96164814814814,89.68455357142857,88.22015942028986
2,86.89655172413792,88.90559999999999,88.69254545454545,88.146,87.9984,90.09,86.7338181818182,89.23189655172413,88.914,89.4375,88.47391304347826
3,86.92413793103448,88.73216000000001,88.75507575757577,88.18298571428572,88.31623333333333,89.87465322580645,86.48636363636363,89.27108620689656,88.8722037037037,89.08326785714284,88.94039855072464
4,87.07586206896552,89.0133,88.88703787878788,88.44512857142857,88.20524166666667,89.74641935483871,86.13227272727272,89.26364655172414,89.13955555555555,88.99074999999999,89.32621014492754
5,87.34482758620689,88.98429,88.97737878787879,88.44692857142857,88.41436666666668,89.73765322580644,86.00687878787878,89.25550000000001,89.47118518518519,88.655,89.66820289855072
6,87.55862068965517,88.92278,88.89508333333332,88.31881428571428,88.70695,89.87539516129033,85.98654545454546,89.37546551724138,89.87357407407407,88.05582142857143,89.7552028985507
7,87.66896551724138,88.99671000000001,88.8568787878788,88.19404285714285,89.17468333333332,89.8348870967742,85.93312121212121,89.27987931034484,85.5450701754386,88.1895,89.61407246376811
8,87.89655172413794,89.30422,88.8094696969697,88.06795000000001,89.17675833333334,89.7803064516129,85.71592424242425,89.30289655172415,85.8476403508772,88.16808928571427,89.91321014492753
9,88.04827586206896,89.22856,88.6726212121212,87.99198571428572,89.38176666666668,89.80142741935484,85.7013787878788,89.26994827586208,86.30491228070176,88.27467857142857,86.29428472222223
10,88.01379310344828,89.7041,88.75390909090909,88.03957142857143,89.35951666666668,89.71479838709678,85.94627272727273,89.16897413793103,86.56666666666666,88.24010714285714,86.61144444444444
11,88.3448275862069,89.82372,89.11101515151515,88.1328,89.51628333333333,89.57702419354838,85.99003030303031,89.16201724137932,87.02709649122806,88.04587500000001,86.307375
12,88.52413793103447,89.87767,89.30355303030304,88.04579285714286,89.7108,89.59320967741937,86.42128787878788,89.30979310344827,87.48747368421053,87.94951785714285,86.41836805555556
13,88.4551724137931,90.06417,89.14069696969698,88.01384285714285,90.24374166666666,89.21310483870967,86.63380303030303,89.25126724137932,88.12136842105264,87.76648214285714,86.68238194444444
14,88.55172413793103,89.72592,89.238,87.7614,86.22365873015873,89.26906451612902,86.19142424242423,89.31548275862069,88.40678070175439,87.61007142857142,86.991
15,88.6896551724138,89.68564,89.14318181818183,87.75112857142857,86.1007619047619,89.33551612903226,86.02171212121212,89.23287931034483,88.6663157894737,87.51689285714286,86.82643055555556
16,88.82758620689654,89.69632,88.96567424242424,87.6116,85.9770634920635,89.24593548387097,85.8510606060606,89.3716551724138,88.62795614035088,87.39999999999999,87.12246527777778
17,88.84137931034482,89.47837,89.09659848484849,87.23874285714285,85.9536111111111,89.14551612903226,85.5364696969697,89.70758620689655,88.41120175438596,87.13753571428572,87.36143055555556
18,88.75172413793103,89.23365,89.1119696969697,87.15990000000001,86.14876190476191,88.92063709677419,85.42675757575758,89.92768103448276,88.43035087719299,87.27939285714285,87.23037500000001
19,88.81379310344826,89.20591,89.13917424242423,87.53360714285714,86.40524603174605,88.71280645161292,85.81430303030304,89.81294827586207,88.4786403508772,87.20246428571427,87.16259722222222
20,89.06896551724137,89.22974,89.1135,87.65595,86.85030158730159,88.4469193548387,85.75560606060606,89.77037931034482,88.33859649122806,87.29157142857143,87.16548611111111
21,89.33793103448276,89.3826,89.11174242424244,87.5968,87.2606111111111,88.36926612903227,85.47284848484848,89.57243965517242,88.469,87.27757142857142,87.13724305555556
22,89.73103448275862,89.67181000000001,89.43287878787878,87.63837857142856,87.47109523809524,88.27543548387096,85.82528787878788,89.54035344827587,88.65284210526315,87.28987500000001,87.27128472222222
23,89.76551724137931,89.78437,89.70390909090908,87.80221428571429,87.43033333333334,88.3093629032258,86.18957575757575,89.59720689655171,88.74171929824561,87.32341071428571,87.55429166666666
24,89.77241379310344,89.41377,89.71080303030303,87.87405,87.32547619047618,88.22166935483871,85.8648787878788,89.57042241379311,88.5841052631579,86.81875000000001,87.71288194444445
25,89.88965517241378,89.46538000000001,89.34214393939394,88.19362857142858,87.34020634920635,88.1581935483871,85.83481818181818,89.67616379310344,88.72724561403508,86.79248214285714,87.9360486111111
26,90.17241379310344,89.3807,89.0050909090909,88.21889285714286,87.31609523809524,88.19298387096775,86.0810606060606,89.74409482758621,88.6209649122807,87.01878571428571,88.10370833333334
27,87.35333333333332,88.99558,89.33863636363635,88.23934285714286,87.19110317460317,88.35014516129031,86.02715151515152,89.8007327586207,88.85214035087719,87.27533928571428,88.06308333333334
28,87.33999999999999,88.69377,89.42028030303031,88.45982142857143,87.25265873015873,88.37891935483871,86.22839393939394,89.74185344827586,89.18333333333334,87.16844642857143,88.18065277777778
29,87.08666666666667,88.4757,89.62405303030302,88.45517142857143,87.41013492063492,88.33327419354838,86.21580303030304,89.89821551724137,89.50217543859648,87.38214285714285,88.3494236111111
30,87.23333333333333,88.48076999999999,89.62035606060607,88.38917857142857,87.70688888888888,88.52424193548387,85.93275757575758,90.08345689655172,89.52894736842106,87.13207142857142,88.63996527777778
31,87.25333333333333,88.40943999999999,89.5933106060606,88.22247142857144,87.85163492063491,88.3334435483871,85.90487878787879,89.77691379310345,89.38414912280702,87.15205357142858,88.61666666666666
32,87.44000000000001,88.07394000000001,89.82075757575758,88.14888571428571,88.11453174603174,88.10990322580645,85.99327272727272,89.64107758620689,89.45111403508773,87.26825000000001,88.65323611111111
33,87.36,87.99336,89.90535606060607,88.00272142857143,88.27103968253968,88.30404838709677,86.17666666666666,89.96574137931034,90.10035087719298,87.02460714285714,88.60488194444444
34,87.42,88.06691000000001,89.87173484848485,87.97886428571428,88.4815238095238,88.39642741935482,86.66501515151516,90.07274137931034,86.37533333333333,86.85021428571429,88.72037499999999
35,87.46,88.14656000000001,89.80551515151515,88.00037857142857,88.64696031746033,88.25701612903227,86.75236363636364,90.09133620689654,86.40173333333333,87.10078571428572,88.78283333333333
36,87.62666666666667,87.77563,89.91690909090909,88.11174285714286,88.3401984126984,88.00120161290323,86.72651515151514,89.92308620689656,86.36921666666666,87.54842857142859,88.84248611111111
37,87.63333333333334,87.86118,90.06714393939393,87.90249285714286,88.54722222222222,87.91249193548387,87.28280303030303,89.75995689655173,86.52039166666667,87.83676785714286,89.00259722222222
38,87.75333333333333,87.94200000000001,86.16613768115941,87.71259285714287,88.7687619047619,87.94795161290322,87.49806060606062,89.82612931034483,86.6257,87.98055357142857,89.19029166666668
39,87.90666666666667,87.72646,86.04151449275362,87.74341428571428,88.84852380952381,87.83577419354839,87.6749090909091,89.99444827586207,86.97485833333334,88.29910714285715,89.25823611111112
40,88.0,87.8064,86.0984347826087,87.912,89.05600000000001,87.80129032258066,87.624,90.20379310344828,87.384,88.46357142857143,89.562
41,87.96666666666667,87.82592,85.87076811594201,88.1803,89.32386507936508,87.9063629032258,87.54283333333332,90.2265,87.27173333333333,88.31225,89.85795138888889
42,88.09333333333333,87.68809999999999,85.84503623188405,88.2884,89.54057936507937,87.77719354838709,87.54875757575759,90.25389655172414,87.38418333333334,88.01467857142858,86.48298666666666
43,88.33333333333333,87.76799999999999,86.07891304347825,88.32071428571429,89.63309523809524,87.85604838709678,87.37772727272727,90.27133620689656,87.38375,87.37901785714286,86.6126
44,88.36666666666666,87.89389999999999,85.92697101449276,88.35404285714287,89.67953968253968,87.8998870967742,87.41071212121211,89.90546551724138,87.37695833333333,87.10428571428571,86.99521333333334
45,88.52,87.72774999999999,85.85670289855072,88.25127857142857,89.70869841269842,88.08454032258065,87.46580303030304,89.75241379310346,87.6348,86.97089285714286,87.15679333333333
46,88.62666666666667,87.62075,85.60179710144926,88.39560714285714,89.62688888888889,87.91193548387096,87.37783333333334,89.60843965517242,88.32534166666667,86.93326785714287,87.36816666666667
47,88.68666666666665,87.42732,85.56721014492754,88.3129142857143,89.47218253968255,87.64960483870968,87.77562121212122,89.48561206896551,88.90395000000001,86.77832142857143,87.61888
48,89.03333333333333,87.52866999999999,85.48361594202899,88.30517142857143,89.47849206349207,87.62603225806453,87.60880303030304,89.58212068965517,89.0645,86.95058928571429,87.85452666666667
49,89.36666666666666,87.78934,85.57052173913043,88.64535000000001,89.77519841269842,87.83517741935484,87.64433333333332,89.5708275862069,89.34431666666669,86.893125,87.99041333333332
50,89.48,87.64566,85.41060869565217,88.69065714285713,90.19584126984127,87.96821774193548,87.70666666666666,89.42986206896552,89.72606666666667,87.00332142857143,88.12348
51,89.3,88.20608,84.98253623188405,88.5887857142857,86.28815151515151,87.99650806451612,87.21363636363637,89.56174137931035,89.86705833333333,87.402375,88.33198666666668
52,89.27333333333334,87.92531000000001,84.88729710144928,88.71537142857143,86.50586363636364,88.0350241935484,86.96845454545455,89.7543275862069,90.16159999999999,87.90235714285714,88.47701333333333
53,89.41333333333333,87.87541999999999,84.82215942028986,88.8066,86.45862878787878,88.12982258064515,86.9829090909091,89.91820689655174,86.05394444444445,87.99230357142858,88.66941333333332
54,89.32,87.90428,84.67535507246376,88.88615714285714,86.53890151515151,88.09184677419354,86.77033333333334,90.03225,86.25760317460318,87.85260714285714,88.84481333333333
55,89.38666666666667,87.68832,84.70357971014492,88.83757857142858,86.62787121212122,88.04946774193549,86.37189393939393,89.8104827586207,86.61567460317461,88.08576785714286,88.83604666666668
56,89.52666666666667,87.57050999999998,84.77786231884058,88.74650714285714,86.8245909090909,88.03575806451612,86.09209090909091,89.65015517241379,87.01992063492064,88.43955357142856,88.77106666666667
57,89.57333333333332,87.40118,85.07908695652175,88.92712857142857,86.68662878787879,88.07081451612903,86.28354545454545,89.54631034482759,87.06527777777778,88.70158928571428,89.10755333333333
58,89.57333333333332,87.26682000000001,85.3361231884058,88.89833571428571,86.36905303030304,88.00579838709677,86.60112121212121,89.27990517241379,86.87333333333333,88.48566071428571,89.23653333333334
59,89.76,87.11208,85.37347101449275,88.86240000000001,86.2552803030303,88.18920161290322,86.75712121212122,89.28025000000001,86.68251587301586,88.429625,89.44404666666667
60,89.8,86.97579,85.54035507246375,88.7673,86.45290909090909,88.27195161290322,86.74680303030303,89.30842241379311,86.47739682539682,88.49308928571429,89.13907333333333
61,90.01999999999998,87.37790999999999,85.58553623188406,88.98477142857143,86.44375757575759,88.21596774193549,86.44374242424242,89.178,86.47063492063492,88.975125,89.1306
62,87.33548387096775,87.20535000000001,85.43613043478263,88.93809285714286,86.66140909090907,88.27433870967742,86.41528787878788,88.98243103448276,86.59812698412699,89.22333928571427,88.83520666666666
63,87.35483870967742,87.2653,85.50215942028984,88.9578,86.74216666666666,88.41401612903226,86.2128787878788,89.10720689655172,86.8236349206349,89.33982142857143,88.8224
64,87.33548387096775,87.24596,85.45966666666666,89.11213571428573,86.82140151515152,88.38350806451614,86.46451515151516,88.87740517241379,86.81729365079364,89.368375,88.71607999999999
65,87.43225806451613,87.62723,85.35403623188405,89.12375714285714,86.9052803030303,88.63445161290323,86.80672727272727,88.83569827586207,86.57792063492064,89.34639285714286,88.67344666666666
66,87.49677419354839,87.97669,85.33446376811595,89.15077857142857,87.14201515151515,88.75454032258064,86.79680303030302,88.57388793103448,86.79680158730159,89.29123214285714,88.83652666666667
67,87.44516129032259,88.19587999999999,85.24876811594203,89.16595714285714,86.88113636363636,88.63660483870967,86.59774242424243,88.08931896551725,86.8875873015873,89.335375,88.62147333333334
68,87.5225806451613,88.49102,85.3242463768116,89.39025000000001,86.97039393939394,88.6166129032258,86.64974242424242,87.87493103448276,86.89992063492065,89.22067857142858,88.24412000000001
69,87.58064516129032,88.87552,85.43986956521739,89.53682142857143,86.74425757575757,88.69729838709678,87.07745454545453,88.09706896551724,87.06099999999999,89.57075,88.17233333333333
70,87.5225806451613,88.74877,85.53657971014493,89.45807857142857,86.57574242424243,88.66037096774194,87.1183787878788,87.99187931034483,86.89992063492065,89.63250000000001,88.30923333333334
71,87.49032258064516,88.86523,85.68194202898552,89.58977857142857,86.71642424242424,88.52926612903227,87.40680303030304,87.71394827586207,86.66124603174605,89.59946428571428,88.35262666666665
72,87.6,88.9359,85.71850724637682,89.62450000000001,86.71404545454546,88.55265322580645,87.7879393939394,87.8239051724138,86.394873015873,89.49357142857144,88.27872666666667
73,87.49677419354839,88.84466,85.60570289855073,89.887,86.82145454545454,88.47017741935484,87.58584848484848,88.05946551724138,86.46098412698413,89.43655357142858,88.25064666666667
74,87.50967741935484,89.46814,85.75986231884059,89.92932142857143,86.7849393939394,88.24257258064516,87.50012121212121,87.85028448275862,86.66750793650793,89.328625,88.03578666666667
75,87.65806451612903,89.52474000000001,85.68079710144927,89.76154285714286,86.84563636363636,88.14018548387097,87.50027272727273,87.69471551724138,86.5944761904762,89.21321428571429,88.00028
76,87.71612903225807,89.50246999999999,85.71391304347826,89.88898571428572,86.87843939393939,88.19856451612903,87.87960606060606,87.62387931034483,86.71657936507935,88.93241071428571,87.76489333333333
77,87.58709677419354,89.19432,85.82392753623189,89.85372857142858,87.21962878787879,88.17830645161291,88.0465303030303,87.93970689655171,86.75710317460317,88.72885714285714,87.54891333333333
78,87.45161290322581,89.1919,85.91513043478261,89.89869999999999,87.25723484848484,88.45730645161291,87.93498484848486,88.22435344827586,86.88109523809524,88.80946428571428,87.46770666666667
79,87.36129032258066,89.00498999999999,85.74396376811593,89.88322142857143,87.03169696969698,88.39870161290322,87.47484848484848,88.33168103448276,86.76557142857143,88.66937499999999,87.48569333333333
80,87.34193548387097,89.12065,85.96042028985507,89.74727142857142,86.90165151515151,88.43370967741936,87.50471212121212,88.19540517241379,87.00420634920634,88.843125,87.26053333333333
81,87.30322580645161,88.74286000000001,85.76934782608696,89.83314999999999,86.87543939393939,88.33995161290323,87.78578787878789,87.93467241379311,87.12030158730158,89.11789285714285,87.18938666666666
82,87.30322580645161,88.79698,85.63991304347826,89.69782857142857,86.94925757575757,88.40542741935484,87.68736363636363,87.8063448275862,87.23629365079366,89.52867857142857,87.22185333333333
83,87.41935483870968,88.71185,85.6124347826087,89.76875,86.81854545454544,88.66508064516128,87.77936363636364,87.5376724137931,87.22328571428571,89.599375,87.13192000000001
84,87.36774193548386,88.64593,85.80917391304348,89.85117142857143,86.63186363636363,88.55812903225807,87.43207575757576,87.48599137931035,87.19757936507936,89.54648214285714,87.22131333333334
85,87.4,88.70575999999998,86.10001449275363,89.71017142857144,86.5283787878788,88.33954838709677,87.88309090909091,87.84528448275863,87.22977777777777,89.91821428571428,87.12346666666667
86,87.22580645161291,88.54248,86.03422463768116,89.76314285714287,86.34363636363636,88.3270322580645,88.12581818181819,87.92662068965517,87.31344444444444,89.81142857142856,87.00390666666668
87,87.09032258064516,88.26996,86.02971014492753,89.65264285714287,86.61449242424243,88.69060483870967,87.91530303030302,88.0460603448276,86.99784126984127,89.57549999999999,86.99835333333333
88,87.0,88.48857,85.78805072463767,89.37665714285714,86.57369696969697,88.88137096774194,87.70153030303031,88.14075,86.6379126984127,89.79564285714285,86.81104
89,86.96774193548387,88.61752,85.5452536231884,89.16057142857142,86.4313106060606,88.85929032258065,87.52196969696969,88.49155172413793,86.50308730158731,89.95492857142857,86.77884666666668
90,86.88387096774194,88.38391999999999,85.54473188405797,89.1900142857143,86.12758333333333,88.84962096774193,87.38857575757575,88.63839655172414,86.58639682539682,89.86817857142859,87.11532666666668
91,86.86451612903227,88.10842000000001,85.56078985507247,89.20861428571428,86.07168181818182,88.92754838709676,87.39360606060606,88.69990517241379,86.96461904761905,89.92028571428573,87.14977333333333
92,86.8516129032258,87.55685,85.52466666666666,89.1761357142857,85.99769696969697,88.87091129032258,87.35615151515151,89.15093103448277,87.19529365079364,90.31558928571428,87.28760666666668
93,86.9741935483871,87.5591,85.5164347826087,89.11904285714284,85.93524242424242,88.96372580645162,87.20981818181818,89.16054310344828,87.20280952380952,90.63564285714286,87.20589333333334
94,89.92,87.46968000000001,85.9478768115942,88.81847857142857,85.86950757575758,88.8902741935484,87.52484848484848,89.34637068965517,87.45361904761904,90.77905357142858,87.06773333333334
95,89.99333333333334,87.56801,86.02971014492753,88.46665714285714,85.82909848484847,88.99542741935484,87.179,89.64034482758622,87.46066666666667,84.61623333333334,87.14954666666665
96,90.10666666666667,87.65126,85.92650724637681,88.24017142857143,85.9494696969697,88.87859677419355,86.77272727272728,89.61341379310346,87.50644444444445,84.8129,87.18360666666666
97,87.24516129032259,87.69665,86.11211594202898,88.17962142857144,85.74810606060606,88.88100806451614,86.89142424242424,89.65981896551725,87.43585714285715,84.78921666666666,87.09893333333333
98,87.34838709677419,87.54316999999999,86.28463768115942,88.15822857142858,89.83448412698414,88.58218548387097,87.04345454545455,89.71921551724138,87.38457142857142,84.50593333333333,86.86622666666666
99,87.18709677419355,87.65180000000001,86.24282608695653,88.3526,90.2606507936508,88.4513064516129,86.66160606060606,89.67005172413793,87.2618253968254,84.25978333333333,87.12746666666666
100,87.17419354838711,87.7199,86.21831159420289,88.09824285714286,86.43994696969696,88.2093870967742,86.23112121212121,89.72667241379311,87.18457142857142,84.02211666666666,87.07132666666666
101,87.32903225806452,87.57791999999999,86.60686231884058,88.19670714285715,86.69192424242425,88.27873387096774,86.0643484848485,89.64099137931034,87.30075396825396,83.90063333333333,86.98775333333333
102,87.4258064516129,87.97309,86.73818115942031,88.33316428571429,86.75103787878788,88.43120161290322,85.98725757575757,89.75200862068967,87.44912698412698,83.60966666666666,86.98657333333334
103,87.63225806451614,87.88201,86.91939130434783,88.39622142857142,86.79537121212122,88.43190322580645,85.99274242424242,89.89369827586206,87.94022222222223,89.69630357142859,86.866
104,87.61935483870968,87.89623,87.01287681159421,88.325,86.9554393939394,88.49554838709678,86.02945454545454,90.10291379310344,87.87553174603175,89.61033928571429,86.92926666666668
105,87.45806451612903,87.81576999999999,87.05309420289855,88.28829285714286,86.95558333333334,88.8355322580645,86.09292424242425,87.27805,87.66213492063491,89.30014285714286,86.96444666666666
106,87.33548387096775,87.80098,86.90753623188407,88.09686428571428,86.82140151515152,88.85293548387097,86.02148484848485,87.27980833333334,87.59084126984128,89.77932142857142,87.17828
107,87.23225806451613,87.84593999999998,86.71076811594203,88.03137142857142,86.8416893939394,88.76972580645162,86.23939393939392,87.27805833333333,87.48730158730157,90.01123214285714,87.15096
108,87.22580645161291,87.97464000000001,86.62205072463767,88.26628571428571,86.85985606060605,88.78496774193549,86.47883333333334,87.19273333333334,87.42933333333333,89.93214285714285,87.14451333333332
109,87.25161290322582,87.86543,86.70647826086957,88.36967857142857,86.67654545454545,88.89848387096775,86.52901515151515,87.01566666666666,87.50672222222224,90.29685714285714,87.41913333333333
110,87.18064516129031,87.91558,86.91796376811595,88.4522357142857,86.36035606060605,89.05503225806451,86.5569090909091,87.0575,87.66719841269843,90.56123214285714,87.48856666666667
111,87.34838709677419,87.78688,86.94392753623188,88.25493571428572,86.13265151515151,88.81147580645161,86.77269696969697,87.14603333333332,87.48773015873014,90.30030357142857,87.50526666666666
112,87.26451612903226,87.70258,87.02510144927537,88.24748571428572,85.90240151515152,88.81345967741936,86.83692424242425,87.4005,87.48101587301588,90.26189285714285,87.37796
113,87.25161290322582,87.82486,87.22392028985507,88.13784285714287,90.04407936507937,88.82214516129032,87.11915151515151,87.48900833333335,87.68703968253969,90.0795,87.30012666666667
114,87.26451612903226,87.8649,87.22505797101448,88.27647142857144,85.87780303030303,88.83527419354839,87.08284848484848,87.46813333333333,87.63560317460318,90.09282142857144,87.44288666666667
115,87.11612903225806,87.55344999999998,87.19415942028985,88.33855714285713,85.97728030303031,88.97823387096774,87.0575303030303,87.19562499999999,87.70519841269841,90.01196428571428,87.49944
116,87.30322580645161,87.6197,86.84013768115942,88.15131428571428,85.92819696969696,88.71099193548388,87.53974242424242,87.52948333333333,87.73891269841269,89.98780357142857,87.61158666666667
117,87.27096774193548,87.57379999999999,86.79628985507246,88.14772857142857,86.20387878787878,88.53639516129033,87.82712121212121,87.73386666666667,87.60342857142858,89.95455357142858,87.56838666666667
118,87.18709677419355,87.84100000000001,86.92439855072465,88.36225714285715,86.26846212121212,88.22244354838709,87.8655606060606,88.10001666666668,87.62219841269841,89.84396428571428,87.76532
119,87.16129032258064,87.93659,86.91042028985508,88.587,86.27977272727273,88.4469193548387,88.25715151515152,88.36665833333333,87.66060317460317,89.67262500000001,87.80419333333333
120,87.14193548387095,88.29526,87.00857246376812,88.65415714285714,86.39568181818181,88.62334677419355,88.40945454545454,88.62843333333333,87.75690476190476,89.72507142857144,87.66583333333332
121,87.1483870967742,88.20724,86.95627536231883,88.59318571428571,86.3406818181818,88.44471774193549,88.26863636363636,88.46614166666666,87.54470634920635,89.85232142857143,87.76958666666667
122,87.15483870967742,88.30833,86.84525362318841,88.53219999999999,86.24882575757576,88.53841935483871,87.90674242424241,88.36011666666667,86.98509523809523,89.32826785714285,88.15432666666668
123,87.01290322580645,88.32636000000001,86.85627536231884,88.33985,86.01027272727273,88.69877419354837,87.76357575757577,88.519675,86.88196825396825,89.134625,88.29129333333333
124,87.01935483870967,88.5757,86.8158115942029,88.08627142857142,85.99212878787878,88.77062096774195,87.89271212121213,88.47004166666667,86.90125396825397,89.26166071428571,88.45969333333335
125,86.9483870967742,88.89429,86.78016666666666,88.09145000000001,85.88524242424242,88.94820161290322,88.21309090909092,88.55511666666666,86.86889682539683,89.30919642857143,88.62475333333335
126,86.86451612903227,88.92972,86.5793768115942,88.12187857142857,85.79016666666666,89.06870161290323,88.03007575757576,88.51458333333333,87.04155555555556,89.3913392857143,88.85163333333334
127,86.67096774193548,89.20176,86.52664492753624,88.07906428571428,85.74555303030303,89.19525806451612,88.12703030303031,88.58603333333333,87.09070634920636,89.24014285714287,88.92233333333334
128,86.54193548387097,89.20309999999999,86.33950724637681,87.93835000000001,85.7398484848485,89.03001612903225,88.33728787878789,88.89010833333334,87.08880158730159,88.58030357142857,89.10115333333333
129,86.61290322580645,88.94062000000001,86.2935652173913,87.93375,85.39519696969697,89.02724193548389,87.8971212121212,89.164375,86.90449206349206,88.22142857142856,89.12052
130,86.57419354838709,88.65933000000001,86.06829710144928,87.87527857142857,85.23504545454546,89.21470967741936,87.5894696969697,89.10215833333334,86.91677777777778,88.4455892857143,89.03775333333333
131,86.68387096774192,88.89258,86.14228985507246,87.96741428571428,85.0743106060606,89.06767741935484,87.38284848484848,89.271025,86.83495238095237,88.72558928571428,88.83883333333333
132,89.59333333333333,88.79147,86.44198550724637,88.14064285714286,84.92226515151515,88.97918548387096,87.37792424242424,89.24615833333334,86.99512698412698,88.24142857142859,89.08444
133,89.71333333333334,88.96423000000001,86.4992536231884,88.16257142857144,84.58336363636363,89.03325,87.61730303030302,88.98441666666666,87.18853968253968,88.64798214285715,89.02074666666667
134,89.69999999999999,88.9241,86.29920289855073,88.22635714285715,84.43623484848484,89.30213709677419,87.5553484848485,89.30756666666666,87.2909126984127,88.56273214285714,88.93216666666667
135,89.67333333333333,88.60174,86.27355072463769,88.11365714285715,84.25217424242423,89.50338709677419,87.77389393939393,89.44914999999999,87.44431746031745,88.34425,88.79812
136,89.58666666666666,88.47579,86.13173913043478,87.91331428571428,84.53723484848484,89.4385564516129,87.42028787878787,89.68745,87.67975396825396,87.89891071428572,88.98106666666666
137,89.32,88.52058999999998,86.15496376811595,88.044,88.7202777777778,89.05348387096774,87.13572727272728,89.45398333333333,87.64843650793651,87.75689285714286,89.01631333333333
138,89.17333333333333,88.45549000000001,86.14144202898551,88.22427142857143,89.0331984126984,88.8748870967742,87.26016666666668,89.362825,87.50451587301588,87.85166071428571,88.85943999999999
139,89.22,88.32780000000001,86.11669565217392,88.27044285714285,89.23274603174602,88.99695161290322,87.35448484848483,89.42074166666666,87.30814285714285,87.56305357142857,88.68111333333333
140,89.23333333333333,88.35437999999999,86.15284057971014,88.13066428571429,89.11861111111112,89.32329032258065,86.92948484848485,89.211025,87.4231746031746,87.26541071428572,88.60870666666666
141,89.16666666666667,88.43549999999999,86.135,87.90241428571429,88.89915873015873,89.7850806451613,86.76727272727273,89.21124999999999,87.28142857142858,86.72253571428573,88.43550666666667
142,89.21333333333334,88.56208000000001,86.26153623188407,87.7763642857143,88.81824603174603,90.03712096774193,86.78834848484847,89.06835833333334,87.33985714285714,86.38558928571427,88.39613333333334
143,89.35333333333332,88.59383,86.11718840579711,87.63647142857143,88.80444444444444,87.067140625,87.04639393939394,89.12995,87.27267460317461,86.59294642857142,88.6528
144,89.31333333333333,88.50058000000001,86.11357971014493,87.7982,88.62434126984127,86.9653671875,87.08051515151514,88.989575,87.04222222222222,86.4585,88.69885333333333
145,89.23333333333333,88.19376,86.29251449275363,87.70042857142857,88.40474603174603,86.793359375,87.12418181818181,88.96563333333334,87.16822222222223,86.50057142857143,88.36241333333335
146,89.19333333333334,88.11409,86.40507246376812,87.54644285714286,88.339626984127,86.534953125,87.54730303030303,88.81425833333333,87.12914285714285,86.46178571428571,88.13015333333333
147,89.20666666666666,88.04698,86.3598115942029,87.49262142857144,88.2126507936508,86.2656328125,87.75503030303031,89.02825,87.1549126984127,86.68976785714287,88.10050666666666
148,89.18666666666665,88.26804,86.41024637681159,87.41567142857143,87.97627777777778,86.09996875,87.20024242424242,88.93025833333333,87.16085714285714,86.74199999999999,88.01653333333334
149,89.11333333333333,88.24893,86.62978260869565,87.18148571428571,88.04396825396825,86.144046875,87.17715151515151,88.84599166666666,87.07646031746032,86.861625,88.09388
150,89.03999999999999,88.29652,86.58172463768116,89.51466176470588,87.5644761904762,86.08359375,87.59107575757575,88.87304999999999,87.0429603174603,87.02864285714286,88.10686666666668
151,89.06666666666668,88.41647999999999,86.4566231884058,89.51199999999999,87.31077777777779,85.9215,87.3015303030303,89.0444,86.94179365079366,87.17399999999999,88.28287999999999
152,89.05999999999999,88.28963,86.36884057971015,89.59370588235295,87.40603174603176,85.9776875,87.78078787878788,89.18245833333333,86.70626984126984,87.09591071428572,88.14802666666665
153,89.16000000000001,87.96079999999999,86.53559420289855,89.74347058823528,87.33858730158731,86.230953125,88.19545454545455,89.27145,86.72720634920634,86.97876785714284,88.30049333333334
154,89.16666666666667,88.02088,86.2745652173913,89.65183823529411,87.49798412698414,89.15947580645161,88.88293939393938,89.51218333333333,86.83560317460316,86.72253571428573,88.0824
155,89.22666666666666,87.98642,86.332615942029,89.82041911764705,87.76080158730159,89.33820161290322,88.77242424242424,89.39396666666667,86.83029365079365,86.32680357142858,88.16308666666667
156,89.47333333333333,88.05518,86.39622463768116,90.09833088235294,87.79890476190477,89.45529032258065,88.18816666666667,89.40622499999999,86.91695238095238,85.84646428571429,88.21355333333332
157,89.49333333333334,87.99432,86.49725362318841,90.10860294117647,87.88246031746031,89.08556451612904,87.915,89.61638333333333,86.83410317460317,85.79375,88.19031333333334
158,89.25333333333333,88.05288,86.579615942029,90.2804044117647,87.82527777777777,89.27852419354839,88.06869696969699,89.81116666666667,86.94549206349207,86.0657142857143,88.30724666666666
159,89.15333333333334,87.94085,86.91286956521739,87.8033,87.79056349206348,89.31870161290323,88.33474242424244,90.15630833333333,87.03912698412698,85.96928571428572,88.36878666666667
160,89.05333333333334,87.73534,87.02447101449276,87.87655714285715,88.02285714285713,89.32624193548386,88.13851515151515,87.50566935483872,86.92876984126984,85.8967142857143,87.97044666666667
161,89.18,87.52571,86.88070289855072,87.69579285714286,87.99518253968253,89.48566129032258,88.2638787878788,87.69486290322581,86.9377619047619,86.16221428571428,87.88153333333332
162,89.16000000000001,87.58633,86.7565579710145,87.82897142857144,87.8862857142857,89.33616129032258,88.68178787878787,87.8261935483871,86.931,86.33394642857142,88.14000666666666
163,89.06666666666668,87.73512000000001,86.66573913043479,87.89925714285715,87.79428571428572,89.58741935483872,88.5889393939394,87.73425806451614,86.44556349206349,86.33900000000001,88.43251333333333
164,89.04666666666667,87.78219999999999,86.55335507246377,87.95584285714285,88.00355555555555,89.40572580645161,88.5204696969697,87.4668064516129,86.43887301587301,86.4627142857143,88.38060000000002
165,88.81333333333335,87.76534,86.48873913043478,87.78246428571428,87.78563492063492,89.47227419354839,88.53074242424242,87.36653225806452,86.33924603174601,87.14016071428571,88.43676666666667
166,88.8,88.09848,86.39468115942029,87.6456,87.49337301587302,89.48032258064515,88.63854545454546,87.27822580645162,86.22480158730158,87.12707142857143,88.62595333333334
167,88.78,88.30503,86.28257971014493,87.66390714285714,87.66390476190476,89.64274193548387,89.17546969696969,87.20487096774194,86.30684126984127,86.96476785714286,88.43553333333332
168,88.81333333333335,88.41811,85.97902898550726,87.70633571428573,87.93788888888888,89.76234677419356,89.49962121212121,87.17315322580644,86.30118253968254,86.68816071428573,88.41544666666667
169,88.78666666666668,88.48478999999999,90.11442424242423,87.46120714285715,88.02563492063491,89.87501612903226,89.56960606060606,87.3403064516129,86.44015873015873,86.92373214285715,88.52740666666666
170,88.88666666666667,88.18446,86.2239275362319,90.135,87.83272222222222,90.0085,89.64624242424243,87.25587903225805,86.77877777777778,86.90258928571428,88.60578666666666
171,88.73333333333333,87.87262,86.53814492753624,87.54177142857142,88.02346825396826,90.08937903225807,89.73360606060606,87.14829838709677,86.75584920634921,87.20426785714285,88.41034666666665
172,88.76,87.69932,86.57573188405799,87.86289285714287,88.06260317460317,90.14866129032258,89.80898484848484,87.11006451612903,86.5283253968254,87.23048214285714,88.29844666666666
173,88.86666666666666,87.32482999999999,86.6218188405797,88.01608571428572,87.78757142857143,90.05274999999999,90.45010606060605,87.23625,86.61961111111111,87.02585714285715,88.44721333333334
174,88.87333333333333,87.33138,86.77901449275363,87.97507857142858,87.75606349206349,89.96274999999999,83.14099999999999,87.09228225806451,86.6895873015873,87.22282142857142,88.47518666666666
175,89.05333333333334,87.76205999999999,86.75730434782609,87.75252142857141,87.65392063492064,89.90795967741934,82.79733333333333,87.16095161290323,86.76338888888888,87.20866071428573,88.53682666666667
176,89.01333333333334,87.86950999999999,87.07826086956523,87.67495714285715,87.84344444444444,89.8245,83.16069444444445,87.00335483870967,86.55910317460318,87.5509642857143,88.48637333333332
177,88.92666666666666,87.90401,86.99347826086957,87.68487142857143,87.5419523809524,89.59720161290322,82.96858333333333,86.97243548387097,86.56376190476192,87.48955357142857,88.57096
178,88.92666666666666,87.86398999999999,86.83108695652174,87.67534285714285,87.45303174603175,89.70477419354839,82.90188888888889,87.10151612903225,86.76701587301588,87.29899999999999,88.54961333333334
179,88.96,87.99034,86.96807246376812,87.61289285714285,87.3205873015873,89.85677419354839,83.4444861111111,87.09112096774194,86.74870634920634,87.21257142857144,88.66820666666668
180,89.03333333333333,87.8759,87.01652898550725,87.68511428571428,87.02372222222222,89.877,83.55777777777777,87.21676612903227,86.62942857142856,87.26060714285714,88.39941333333333
181,89.02,87.91614999999999,87.03834057971015,87.62429285714286,87.06156349206348,89.73431451612903,83.16693055555557,87.0206370967742,86.84537301587302,87.46214285714285,88.39686666666667
182,88.87333333333333,87.95794000000001,87.30065942028985,87.73702142857144,87.07047619047619,89.55421774193549,83.11877777777778,86.98477419354838,86.6895873015873,87.91317857142857,88.33653333333334
183,88.96666666666667,87.67665000000001,87.55479710144928,87.86729285714287,87.14919841269841,89.38997580645162,82.8057361111111,87.05459677419356,86.48830158730159,87.91017857142857,88.23713333333333
184,88.9,87.89098,87.57036231884058,87.95385,87.376,89.59183870967743,82.81034722222222,87.03238709677419,86.51239682539682,88.20149999999998,88.00033333333333
185,89.03333333333333,87.82247999999998,87.44621739130436,88.22885714285715,87.37985714285715,89.76929032258064,82.42259722222222,87.08752419354838,86.59127777777778,88.38148214285715,87.83316666666666
186,88.97333333333334,87.97683,87.30605072463767,88.31238571428571,87.47349206349206,89.9886370967742,82.18911111111112,87.0073064516129,86.82526984126983,88.27425,87.96615333333332
187,89.05333333333334,88.04258,87.33808695652174,88.2868357142857,87.46309523809525,87.0774609375,82.28527777777776,87.11786290322581,87.15776984126984,88.13894642857143,88.05593333333333
188,89.02666666666667,88.17646,87.19581884057972,88.03147857142856,87.43690476190476,86.6862421875,82.06033333333332,86.99484677419356,87.30972222222222,88.37485714285714,88.31801333333334
189,89.03999999999999,88.17630999999999,87.12757246376812,87.99695714285714,87.4372777777778,86.5844453125,81.7609861111111,86.86785483870968,87.41184126984128,88.65044642857143,88.20302666666666
190,88.97333333333334,88.09694999999999,87.12036231884058,87.76901428571429,87.38452380952381,86.47790625,81.54406944444445,86.61984677419355,87.232,88.91773214285715,88.14766666666665
191,88.88,88.43115999999999,87.02897101449277,87.9912,87.36903968253968,86.293453125,81.43630555555555,86.57198387096774,87.31824603174604,88.77683928571429,88.19384666666666
192,88.59333333333333,88.35856,86.86383333333335,87.88775,87.21380952380953,86.2850625,81.92668055555556,86.28204838709678,87.21380952380953,88.56169642857142,88.13264666666667
193,88.39333333333332,88.18561,86.94444927536232,87.92611428571429,87.54728571428572,86.40103125,89.6790606060606,86.1728064516129,87.20633333333333,88.66957142857143,88.19886666666666
194,88.24,88.04587,86.85118115942029,88.00994285714285,87.67274603174603,86.302859375,89.49942424242424,86.37557258064517,87.49626984126984,88.51575,88.03528
195,88.16000000000001,88.25698000000001,86.6574420289855,88.00572142857142,87.5680634920635,86.0903046875,89.22592424242424,89.58158333333334,87.45472222222222,88.34103571428571,87.98720666666667
196,88.14666666666668,88.29652,86.54086231884057,87.52964285714285,87.29038095238096,85.8810234375,88.92396969696969,89.59006666666667,87.55482539682541,88.39851785714285,87.79408
197,88.03999999999999,88.08402,86.51652173913045,89.96587500000001,87.2350634920635,85.735828125,89.00843939393938,89.82280833333333,87.66268253968254,88.385875,87.89913333333334
198,87.99333333333334,87.95814,86.30998550724638,90.20933823529411,87.07568253968255,85.8038125,89.08125757575756,90.16016666666667,87.80477777777779,88.33901785714285,88.01093333333333
199,87.96666666666667,87.69397000000001,85.93960869565217,87.5771,86.94876190476191,86.0355234375,88.91030303030303,90.34176666666667,88.07976984126984,88.38292857142858,87.86814666666668
200,88.0,87.8064,85.70817391304347,87.19542857142858,86.64228571428572,88.68483870967742,88.53599999999999,90.288,88.22628571428571,88.2042857142857,87.77472
201,87.97333333333334,87.71381,85.78547826086957,87.0936,86.0253492063492,88.72181451612903,88.58115151515152,90.35960833333333,88.51374603174604,88.13042857142858,87.92758666666667
202,87.97333333333334,87.96454,85.54450724637682,86.98991428571429,85.774,88.70053225806451,88.7730909090909,90.12868333333333,88.71481746031746,87.89478571428572,88.04371333333334
203,88.13333333333334,88.20384,85.53914492753624,86.88372857142856,85.94258730158731,88.75524193548387,88.91051515151514,90.23751666666668,89.12798412698413,87.913,87.97116666666668
204,88.36,88.36441999999998,85.24050724637681,86.76636428571427,86.07526984126983,88.49183064516129,89.30784848484848,90.58004166666666,89.33196031746031,87.68941071428571,88.23983333333334
205,88.48666666666666,88.43799999999999,84.94720289855073,86.8812642857143,85.86999206349206,88.29756451612903,89.00148484848485,87.61250000000001,88.90381746031747,87.72030357142859,88.16457333333332
206,88.42666666666668,88.48414000000001,84.70505797101448,89.58076470588236,85.67280952380952,88.2376935483871,89.03762121212121,87.52100806451612,88.98249206349206,87.4713392857143,88.21090666666667
207,88.26,88.64834,84.66052898550724,89.75263235294118,85.61219841269842,88.29558870967742,89.11051515151516,87.54822580645161,88.86520634920636,87.54289285714286,88.18232666666667
208,88.25333333333333,88.54897999999999,84.59657246376811,89.5998455882353,85.53008730158732,88.50243548387097,89.39260606060607,87.45620967741935,88.8206746031746,87.70175,88.26039333333333
209,88.39333333333332,88.42426999999999,84.83453623188406,89.62499264705882,85.48898412698412,88.35412903225807,89.34154545454544,87.5307822580645,89.25200793650794,87.67514285714284,88.46404666666668
210,88.49333333333334,88.82960999999999,84.83817391304349,89.72638235294119,85.4719126984127,88.37914516129032,88.8875303030303,87.47994354838711,89.12542857142857,87.39507142857143,88.37298666666668
211,88.53999999999999,89.11551,85.19473188405797,90.00807352941177,85.5549365079365,88.41504838709677,88.47560606060605,87.31186290322582,89.24832539682541,87.72575,88.54708
212,88.54666666666667,89.05581000000001,85.2704420289855,87.49042857142857,85.49813492063491,88.25032258064518,88.26492424242424,87.25416935483871,89.47008730158731,88.37273214285713,88.30936
213,88.48666666666666,88.62382,85.42040579710145,87.69660714285715,85.37699206349207,88.22263709677419,87.84312121212122,86.91674193548387,89.6749126984127,88.59726785714285,88.26014666666666
214,88.66666666666667,88.8839,85.35130434782609,87.77050000000001,85.10733333333333,88.31629032258064,87.63490909090909,86.60016129032259,89.52799999999999,88.23124999999999,87.91832
215,88.72,88.76436,85.35635507246376,87.70922857142857,85.12050793650793,88.18696774193548,87.63924242424243,86.54492741935483,89.4170873015873,88.40314285714285,87.74763333333334
216,88.86,88.75781,85.08538405797101,87.90475714285714,89.43759166666666,88.28312903225807,87.60789393939393,89.61530833333333,89.1138888888889,88.25701785714286,87.84344
217,89.05333333333334,89.01771000000001,84.84072463768115,87.85747142857143,89.3383,88.22743548387096,87.89563636363637,89.67670833333334,88.86250793650794,88.23435714285714,87.88495333333334
218,89.16666666666667,89.19788000000001,84.69282608695652,87.79732142857142,89.22461666666666,88.31814516129033,88.10475757575757,89.64593333333333,88.89915873015873,88.15557142857143,87.93260000000001
219,89.21333333333334,89.44529,84.7022463768116,87.88150714285715,89.21779166666666,88.33199193548387,88.56451515151515,89.53673333333333,88.9456984126984,87.93885714285715,87.90368000000001
220,89.16666666666667,89.345,84.64630434782609,87.83553571428571,89.35838333333334,88.35050806451613,89.07748484848484,89.72395833333333,89.204873015873,87.89285714285714,87.86840000000001
221,89.08,89.71246999999998,84.22707971014492,87.99831428571429,89.4185,88.04911290322582,89.30674242424243,89.64788333333333,89.00365079365079,88.42780357142857,88.00748
222,89.10666666666667,89.81952,83.96172463768117,87.95782857142856,89.43190833333333,88.04313709677419,89.55219696969696,89.40740000000001,88.9284603174603,88.50201785714287,88.09797333333333
223,89.14666666666668,89.67263000000001,83.5691811594203,87.71077142857143,89.32495833333334,88.24441935483873,89.90846969696969,89.70383333333332,89.12119841269842,88.42235714285714,88.16961333333334
224,89.04666666666667,89.55868,83.4754420289855,87.65054285714285,89.37169166666666,88.39317741935484,89.8804696969697,89.81469166666668,89.2247619047619,88.34701785714286,88.26305333333333
225,88.99333333333334,89.71863,83.35579710144927,87.56944285714286,89.54509166666665,88.55554032258065,89.97225757575758,89.88326666666667,89.0823253968254,88.17491071428572,88.11408
226,88.92666666666666,89.66476000000002,83.13096376811593,87.48478571428572,89.66475833333334,88.56450806451612,89.88060606060606,89.74924166666666,89.16803968253969,88.06121428571429,88.12276666666666
227,88.93333333333334,89.43136,82.91679710144928,87.46275714285714,89.85824166666667,88.43129032258065,90.10563636363635,89.51140000000001,89.18742857142857,87.90107142857143,87.85190666666666
228,88.84,88.99103,82.95724637681158,87.30433571428571,89.8972,88.20952419354839,82.57677777777779,89.61735,88.87807936507937,87.83262500000001,87.81300666666667
229,88.75333333333333,88.62464,86.81286363636363,87.38082857142858,89.96925000000002,88.38114516129033,82.56277777777777,89.629775,88.75333333333333,87.79448214285715,87.84449333333335
230,88.92,88.41760000000001,86.89100757575757,87.66877142857143,89.76474166666665,88.40727419354839,82.53998611111112,89.62024166666667,88.46269841269843,87.86407142857142,87.80672
231,88.95333333333333,88.50412,87.06913636363636,87.9399,89.83841666666666,88.31129032258065,82.50422222222223,89.76503333333334,88.31795238095238,88.13528571428571,87.78626666666666
232,89.04666666666667,88.69048000000001,87.0147803030303,87.82227857142858,89.78575000000001,88.31777419354839,82.7688888888889,89.84808333333334,88.20708730158731,88.46626785714285,87.65397333333334
233,89.1,88.7035,86.89680303030303,87.64576428571428,90.0801,88.39222580645162,82.84073611111111,89.97985833333334,88.41265873015873,88.66246428571428,87.89892666666667
234,89.21333333333334,88.58884,87.04382575757576,87.2219642857143,85.74676190476191,88.51545161290322,82.7007638888889,90.150075,88.63981746031745,89.06198214285713,87.68956666666666
235,89.29333333333334,88.64148999999999,87.03664393939394,89.71025735294117,85.74711111111112,88.58402419354839,82.5740138888889,90.33136666666665,88.84686507936507,89.26144642857142,87.61819333333332
236,89.36666666666666,88.41938,87.04719696969696,89.63608088235294,85.62603968253968,88.44057258064517,82.17265277777777,90.30501666666667,88.98366666666666,89.191125,87.66870666666668
237,89.47333333333333,88.48465,86.68745454545454,89.58517647058825,85.62598412698414,88.45954032258064,82.51677777777779,89.88715,89.16657142857144,89.29758928571428,87.55860666666668
238,89.63333333333334,88.41432,86.19467424242426,89.45867647058823,85.71507936507936,88.76953225806452,82.84359722222221,89.77899166666667,89.41565873015874,89.45726785714285,87.62912666666665
239,89.58,88.38859,86.10673484848485,89.4449705882353,85.65127777777779,88.95510483870969,83.10784722222222,89.84874166666667,89.5928015873016,89.18808928571428,87.66299333333333
240,89.66666666666666,88.33959999999999,86.17781818181818,89.28426470588235,85.52919047619048,88.93270161290323,83.32275,89.77875,89.58980952380952,89.05821428571429,87.54336
241,89.88666666666667,88.36758,86.13185606060605,89.03736764705883,85.05846825396824,88.98779838709677,83.45976388888889,89.79678333333332,89.45007936507936,89.22857142857143,87.43455999999999
242,90.0,88.57350000000001,86.10545454545455,89.04044117647058,89.235,88.96935483870968,82.9125,89.76375,89.39571428571428,89.17232142857142,87.4692
243,87.23870967741935,88.54206,86.40558333333333,89.106,89.0018,88.76538709677419,83.09268055555556,89.59451666666666,89.43837301587303,88.61739285714285,87.38457333333334
244,87.08387096774194,88.30392,86.55899242424243,88.92800000000001,88.85733333333333,88.72758064516128,82.92272222222222,89.63796666666667,89.22820634920635,88.31548214285715,87.46704
245,86.95483870967742,88.65828,86.70030303030303,88.68722058823529,88.72566666666667,89.11783870967741,82.75491666666667,89.63993333333333,89.22436507936509,88.06428571428572,87.84421333333333
246,86.7483870967742,89.02597,86.7144696969697,88.58541176470588,88.5688,89.01468548387098,82.93941666666667,89.87530833333334,89.58877777777778,88.38344642857143,87.76472666666668
247,86.52903225806452,89.02886000000001,86.88537121212121,88.82491176470589,88.63990833333334,89.15735483870968,83.28851388888889,89.93863333333334,89.68157142857144,88.47130357142858,87.62863999999999
248,89.36,88.78809999999999,86.89446969696971,88.9000588235294,88.65405833333332,89.22308064516129,83.10480555555556,89.97435,89.46212698412698,88.27491071428572,87.71577333333333
249,89.38,88.52642,86.93830303030305,88.83123529411765,88.19125000000001,89.14574193548387,82.98933333333332,89.92745,89.40553174603176,87.88767857142858,87.58524666666668
250,89.32,88.29281999999999,87.17226515151515,88.84055882352942,87.79709166666667,88.85899193548387,82.84430555555556,90.07921666666667,89.14136507936507,87.92437500000001,87.76225333333333
251,89.41333333333333,88.06318999999999,87.1048484848485,88.92352941176472,87.36576666666667,88.89776612903226,82.70733333333334,86.99412903225807,88.99180952380952,87.68094642857143,87.90761333333333
252,89.30666666666667,87.78398999999999,87.35409848484849,88.80760294117648,87.55625833333333,88.8781370967742,82.54168055555556,87.09560483870968,89.2683888888889,87.719875,87.87776000000001
253,89.14666666666668,87.70694999999999,87.7324696969697,88.8058088235294,87.30579166666666,88.81595967741936,82.32694444444445,87.03662096774192,89.45231746031746,87.46721428571428,87.98776
254,89.28666666666668,87.69736000000002,87.79719696969697,89.06344852941177,87.32235833333334,88.85823387096774,81.94283333333333,86.94649193548388,89.56728571428572,87.22191071428571,87.99736666666666
255,89.53333333333333,87.71133,87.95428787878788,88.93425,87.06669166666667,88.88710483870967,81.69916666666667,86.81845161290323,89.31589682539682,87.05517857142857,88.03633333333335
256,89.46,87.65290999999999,87.97984848484849,88.74300735294118,87.11615,88.74937096774194,81.27441666666667,86.86637903225807,89.28107936507938,87.41519642857143,87.97496
257,89.4,88.05006,87.98178787878787,88.96943382352941,87.23205,88.76554838709677,81.26459722222222,86.85137903225807,89.37446031746032,87.76366071428572,87.79795333333334
258,89.29333333333334,88.41379,87.62110606060605,89.07010294117647,87.18155,89.07009677419354,81.25693055555556,86.8341693548387,89.28057936507938,88.25689285714287,87.83249333333333
259,89.27333333333334,88.55468,87.61366666666666,89.03045588235294,87.21558333333334,89.3417258064516,81.19409722222221,86.89031451612902,89.33710317460319,88.02191071428571,87.82353333333333
260,89.3,88.51416,87.7007196969697,88.99795588235294,87.34880000000001,89.57366129032258,80.86115277777778,86.77583870967742,89.4403253968254,88.19173214285715,87.68902666666666
261,89.24,88.44129999999998,87.81216666666667,89.04642647058823,87.10270000000001,89.65381451612903,80.07058333333333,86.6959435483871,89.48222222222223,88.41930357142857,87.78003333333334
262,89.24666666666667,88.43451999999999,87.58749242424241,89.08261029411764,86.97534166666667,89.56334677419355,79.45184722222223,86.91833870967743,89.3869126984127,88.18685714285715,87.73303999999999
263,89.06666666666668,88.3764,87.53228787878788,89.12888235294118,86.89344166666666,89.25341935483871,79.55880555555555,89.9128,89.46110317460318,88.00899999999999,87.75916666666667
264,88.77333333333334,88.16523999999998,87.3045378787879,89.2074117647059,86.71379166666667,89.36754032258065,79.29677777777778,89.78313333333334,89.52156349206349,88.24228571428571,87.93886666666667
265,88.62666666666667,88.08604,87.36575757575758,89.01114705882352,86.83640833333334,89.39142741935484,79.16576388888889,89.81205,89.46228571428571,88.61874999999999,88.21898666666667
266,88.67333333333333,87.7999,87.27874242424242,88.73527205882353,87.08165000000001,89.42777419354839,79.14094444444444,89.33838333333333,89.50939682539683,88.54666071428572,88.15902666666666
267,88.81333333333335,87.55218,87.04109848484849,88.65007352941177,86.76619166666669,89.34334677419355,78.99947222222222,89.13528333333333,89.79027777777779,88.47235714285715,88.37281333333334
268,88.66000000000001,87.36113,86.73366666666666,88.40901470588236,86.81586666666668,89.18909677419356,79.21772222222224,89.402525,89.66058730158731,88.53333928571429,88.60325333333333
269,88.83333333333333,87.54525,86.89110606060606,88.52307352941176,86.89231666666666,89.18079032258063,79.30597222222224,89.45516666666667,89.60744444444444,88.25432142857143,88.72318666666666
270,88.86,87.57153,87.2685984848485,88.31442647058823,86.70514166666668,88.92808064516129,79.24090277777778,89.7486,89.67243650793651,88.20941071428571,89.05904666666667
271,88.74,87.55976000000001,87.10234848484848,88.06792647058823,86.82765,88.75431451612903,79.37793055555557,89.76050833333333,89.3231507936508,88.25667857142857,89.04526666666666
272,88.64666666666668,87.57404000000001,86.81731818181817,87.90686029411765,86.68314166666666,88.74674999999999,79.29444444444444,89.75475,89.33051587301587,87.97389285714286,88.90906666666667
273,88.51333333333334,87.29628000000001,86.79537121212122,87.89178676470588,86.80503333333334,88.65609677419354,79.08666666666666,89.96274166666667,89.37318253968255,88.102375,89.07273333333333
274,88.46666666666667,87.48911,86.96675757575757,87.91375000000001,86.74599166666667,88.5344435483871,79.26613888888888,90.08118333333334,89.38924603174603,88.79051785714286,89.22748
275,88.65333333333332,87.66041999999999,87.08981060606061,87.89391176470588,86.59658333333334,88.62473387096775,79.18958333333333,90.20476666666667,89.43855555555555,88.43169642857143,89.59660666666667
276,88.48,87.79428,86.8954015151515,88.12217647058823,86.49361666666667,88.7404435483871,78.9905138888889,90.4708,89.35215873015872,88.40100000000001,89.59131333333333
277,88.46,87.7877,86.88782575757575,88.07298529411764,86.39445833333333,89.1805241935484,79.01690277777777,90.45034999999999,89.26877777777777,88.21516071428572,89.61352000000001
278,88.62666666666667,87.75369,87.24490151515153,87.75017647058823,86.22488333333332,89.05908064516129,79.21008333333333,90.41027500000001,88.99384126984127,88.31014285714286,89.70791333333334
279,88.84,87.53849,87.45490151515152,87.42247794117647,86.15259166666668,89.25195967741935,79.42297222222223,90.32806666666667,88.62424603174604,88.26094642857143,89.74261333333334
280,89.00666666666666,87.55586,87.69180303030303,87.37051470588236,86.1807,89.37633064516129,79.39394444444444,90.31951666666667,88.66334920634922,88.23580357142858,89.74008
281,88.9,87.46426,88.16859090909091,87.52074264705882,86.37079999999999,89.04338709677418,79.36547222222224,90.27794999999999,88.60790476190475,88.17767857142856,89.5792
282,88.76,86.84722000000001,88.38075757575757,87.62765441176471,86.3546,88.92463709677419,79.37363888888889,90.39096666666666,88.37960317460318,88.34789285714285,89.45943333333332
283,88.82,86.85264,88.25881818181817,87.66730147058824,86.25309999999999,89.22112096774192,79.73815277777777,87.38383870967742,87.94448412698412,88.31246428571427,89.38134666666666
284,88.73333333333333,87.1805,88.05169696969696,87.59154411764708,86.02253333333334,89.35947580645161,79.68252777777778,87.4381129032258,87.93473015873016,87.98860714285715,89.64551333333334
285,88.52666666666667,87.37582,87.8949090909091,87.66092647058824,85.91513333333334,89.29056451612904,79.60759722222222,87.41651612903225,87.9575634920635,88.02080357142857,89.48984
286,88.45333333333333,87.75455,87.91859090909091,87.77367647058824,85.75108333333333,89.00259677419355,79.5637638888889,87.30129838709678,87.74570634920636,88.42175,89.69167999999999
287,88.34666666666666,87.86076,88.2101287878788,87.93091911764705,85.63441666666667,88.94870967741934,79.57826388888888,87.49525806451614,87.76610317460319,88.81207142857143,89.74254666666668
288,88.37333333333333,88.05960999999999,88.20059848484848,88.15239705882352,85.76631666666667,88.93279032258063,79.46972222222223,87.41476612903226,87.9945873015873,88.6021607142857,89.86507333333333
289,88.44666666666666,87.89388000000001,88.3099696969697,88.38163235294118,85.74461666666667,88.9851935483871,79.46933333333334,87.62639516129033,88.1181507936508,88.79414285714286,90.06700666666667
290,88.26666666666667,87.9136,88.14228787878788,88.38673529411764,85.729,88.96425806451612,79.8592638888889,87.42670967741935,88.12796031746032,88.92078571428573,86.84421794871795
291,88.31333333333335,87.53618,88.04437878787878,88.48216911764708,86.09224999999999,89.06470967741936,86.90033333333334,87.33404838709677,88.14932539682539,88.92048214285714,86.97164743589745
292,88.40666666666667,87.52260000000001,88.05303787878788,88.48791911764707,86.54129166666667,89.08397580645162,86.79927272727272,87.30870967741936,88.12881746031745,89.06182142857145,87.09416666666667
293,88.48,87.39611999999998,88.1502121212121,88.50277205882352,86.77234166666666,89.0080241935484,86.41278787878788,87.3811370967742,88.0123253968254,89.08830357142857,86.99285256410256
294,88.18,87.4437,88.09181818181817,88.41666176470588,86.67653333333334,88.96224193548386,86.38433333333334,87.05286290322582,88.09181746031746,89.37673214285714,86.94208974358973
295,88.02,87.87917,88.26805303030304,88.50863970588236,86.84933333333333,88.72629032258064,86.46765151515152,87.00137903225806,88.08287301587302,89.61535714285715,87.11948717948718
296,88.05999999999999,87.95873,88.4762803030303,88.37403676470589,87.28506666666668,88.51095161290323,86.7230909090909,87.0196129032258,87.98452380952381,90.15142857142855,87.37245512820512
297,87.95333333333333,87.95772999999998,88.63296969696971,88.27669117647058,86.96825833333332,88.40374193548386,87.00183333333332,86.93548387096774,87.90307936507936,90.3485,87.41884615384615
298,87.90666666666667,87.92424999999999,88.62190909090909,88.22985294117646,86.89574166666667,88.43127419354838,86.83580303030304,87.21900806451612,88.18294444444444,90.67730357142857,87.56518589743591
299,88.22,87.89359,88.46862121212122,88.27189705882353,86.87464166666666,88.25557258064516,87.2415606060606,87.2951129032258,88.35862698412699,90.90598214285713,87.35816025641026
300,88.48,87.55538,88.40358333333333,88.4442205882353,86.94486666666667,88.09825000000001,87.45042424242425,87.39183870967742,88.50527777777778,84.63111666666667,87.3808076923077
301,88.36666666666666,87.65531999999999,88.3265,88.6233161764706,86.60816666666666,88.32746774193548,87.65171212121213,87.21575806451614,88.90948412698411,84.3018,87.2688782051282
302,88.44000000000001,88.07297000000001,88.17066666666665,88.74563970588235,86.40145833333335,88.36867741935485,87.7485606060606,87.02067741935484,89.41284126984127,84.30543333333334,87.21884615384616
303,88.44000000000001,88.24542999999998,88.3636212121212,88.87244852941177,86.25553333333332,88.62543548387097,87.6279696969697,86.86020161290323,89.0717142857143,84.52653333333333,87.21884615384616
304,88.39333333333332,88.38449,88.48574242424242,88.90354411764706,86.44868333333334,88.83529838709677,87.70225757575757,86.66467741935485,89.10047619047619,84.946,87.29521794871795
305,88.41333333333333,88.44427999999999,88.65044696969696,88.8651544117647,86.74674166666667,89.1655564516129,87.64975757575758,86.42759677419356,89.18379365079365,85.07573333333333,87.26396153846154
306,88.57333333333332,88.41833,88.50891666666666,89.05527941176472,86.87714999999999,89.55192741935484,87.51851515151515,86.26257258064516,88.9023253968254,85.3404,87.1459358974359
307,88.38666666666667,88.47063,88.23801515151514,89.19904411764705,86.86641666666665,89.32042741935484,87.43048484848485,86.31599193548388,88.9296111111111,85.35941666666666,87.29883333333332
308,88.34,88.39742000000001,88.43235606060607,89.31758823529411,86.92655833333333,88.89925,87.2638484848485,89.07985000000001,89.02147619047619,85.13766666666666,87.24254487179486
309,88.29333333333334,88.09908999999999,88.31340151515153,89.50411764705882,87.18525,88.7988870967742,87.07327272727272,89.08797500000001,89.21410317460318,84.80575,87.14552564102563
310,88.3,87.89382,88.53680303030302,89.50113970588237,87.12560833333333,88.93376612903226,86.88719696969697,89.13885,89.41005555555557,85.01083333333332,87.01964743589743
311,88.27333333333334,87.81431,88.59432575757576,89.38648529411765,87.3244,88.86419354838709,87.05356060606061,88.94641666666666,89.3073888888889,84.89688333333334,87.30911538461538
312,88.18666666666665,87.62227000000001,88.66367424242424,89.3279044117647,87.67518333333334,88.58492741935484,88.02633333333333,89.112625,89.04333333333334,85.07808333333334,87.63041666666666
313,88.24,87.43702,88.63307575757575,89.274875,87.51643333333334,88.48906451612903,88.12769696969697,88.85768333333334,88.69380952380952,84.95306666666667,87.78522435897436
314,88.14,87.52302,88.5927196969697,89.19314705882353,87.58911666666668,88.60202419354839,88.24416666666667,88.74596666666666,88.45477777777776,84.85678333333334,87.84846153846154
315,88.18666666666665,87.7281,88.42316666666666,89.18200735294118,87.26511666666667,88.7236129032258,88.36303030303031,88.638625,88.41342857142857,84.65919999999998,87.80339102564102
316,88.35333333333332,87.68185,88.3011287878788,89.43825735294118,87.19149166666666,88.80579032258065,88.53003030303029,88.48586666666667,88.41643650793651,84.42161666666665,87.91835897435897
317,88.52666666666667,87.61484,88.34156060606061,89.55513970588235,87.3227,88.69087096774193,88.414,88.33855,88.56461111111112,84.54296666666667,87.7741923076923
318,88.61333333333333,87.82024,88.18637878787878,89.61349264705882,87.23540000000001,88.3703629032258,88.54889393939393,88.380725,88.73992063492065,84.71435,87.94191666666666
319,88.46,87.85405,88.37153787878789,89.50721323529412,87.17733333333332,88.34585483870968,88.08203030303031,88.46000000000001,88.81384126984126,85.07639999999999,87.84077564102563
320,88.49333333333334,87.31637,88.30830303030302,89.68734558823529,87.31636666666667,88.3470322580645,87.97042424242424,88.438025,88.70824603174603,84.99785,87.7105064102564
321,88.4,87.21102,88.05845454545455,89.68050000000001,87.48948333333334,88.5211935483871,87.78119696969698,88.60995,88.84200000000001,84.9745,87.65880128205129
322,88.4,87.2508,87.92585606060607,89.388,87.67511666666667,88.32870967741935,87.8535303030303,88.68730000000001,89.0061746031746,84.9745,87.65880128205129
323,88.60666666666667,87.37503000000001,88.01058333333333,89.23538235294119,87.78705,88.51377419354839,87.64810606060605,88.51805833333333,89.49273015873015,85.19531666666667,87.43433333333334
324,88.68666666666665,87.20116,88.24726515151515,89.29638970588235,87.90621666666667,88.78679838709678,87.84818181818181,88.46495,89.80157936507936,85.38308333333333,87.34954487179488
325,88.86666666666666,87.11155000000001,88.3051893939394,89.53643382352942,87.80470833333334,89.08525,87.56598484848486,88.54452500000001,89.89498412698413,85.4453,87.42429487179487
326,88.92,86.93708,88.24905303030303,89.45286764705882,87.52395833333333,89.18174193548387,87.35178787878787,88.40870833333334,90.17757936507937,85.40766666666667,87.45623717948718
327,89.08666666666666,87.08667,88.09862121212122,89.42401470588234,87.48755833333333,89.20879838709676,87.51551515151516,88.40738333333333,86.04557575757575,85.32274999999998,87.44541666666666
328,88.96,87.30978999999999,88.17958333333333,89.70896323529412,87.28310000000002,89.22185483870967,87.12418181818181,88.17048333333334,86.08092424242425,85.42383333333335,87.40319871794871
329,88.93333333333334,87.36366,88.33505303030303,89.87825,87.00348333333334,89.07677419354839,86.95254545454544,88.09958333333334,86.18853030303029,85.15366666666667,87.23333974358974
330,88.95333333333333,87.54342000000001,88.36705303030303,89.87883823529413,86.71615833333334,88.9569193548387,87.11765151515152,88.04155833333333,86.08660606060606,85.12833333333333,87.17084615384614
331,88.76,87.72595,88.33233333333332,89.8792867647059,86.75401666666667,89.06421774193548,87.26721212121213,87.83911666666665,86.17789393939394,84.72141666666666,87.0633141025641
332,88.84666666666666,87.94487,88.24896969696971,89.96705147058823,86.85205833333333,89.0866935483871,86.96472727272729,87.88045833333334,86.24991666666666,84.7153,86.92279487179488
333,88.83333333333333,88.03827999999999,88.58701515151516,90.11030882352942,86.94561666666668,88.92288709677419,87.36354545454545,88.07825,86.24909090909091,85.10233333333333,86.84825641025641
334,88.91333333333333,88.10422,88.64255303030303,90.31894852941177,87.07726666666667,88.73407258064516,87.32098484848484,88.11311666666667,86.07214393939394,85.22343333333333,86.93672435897436
335,88.95333333333333,88.17054,88.50048484848485,87.80647142857143,87.58345000000001,88.63410483870967,86.8750606060606,88.23058333333333,85.94105303030304,85.30624999999999,86.91424358974359
336,88.84,88.09819,88.53309848484848,87.9706357142857,87.95160000000001,88.84358064516128,86.57054545454545,88.55126666666668,85.91635606060606,85.10871666666667,86.92652564102563
337,88.64666666666668,88.10592,88.34043939393939,88.02614285714286,87.98625,89.18641129032258,86.0678484848485,88.76855833333333,85.69312121212121,85.69916666666666,86.78849358974358
338,88.67333333333333,88.13243,88.24609090909091,87.9861142857143,87.8265,89.42777419354839,86.81925757575758,88.62899999999999,85.57380303030303,86.16831666666667,86.78391025641025
339,88.76666666666667,88.51812,87.85478787878787,87.91704285714286,88.19855833333334,89.57558870967742,87.05589393939394,88.48926666666667,85.60334848484847,86.36996666666667,86.64992307692309
340,88.61333333333333,88.72409999999999,87.4855303030303,87.86012142857143,88.29875833333334,89.65668548387097,87.26801515151514,88.5801,85.8059015151515,86.30938333333333,86.79676282051282
341,88.50666666666666,88.81644000000001,87.65781060606062,88.05781428571427,88.43144166666667,89.73077419354838,87.54918181818182,88.51773333333334,89.72047619047619,86.3825,86.85567948717949
342,88.68666666666665,88.98377,87.61840151515152,88.2274,88.74430833333335,89.78452419354839,87.3160606060606,88.77535,89.77624603174603,86.38081666666668,86.88905128205128
343,88.86,88.79780000000001,87.7654090909091,88.16181428571429,89.18434166666667,89.71276612903226,87.68057575757575,88.66006666666667,89.8247619047619,86.72736666666665,87.24342948717948
344,89.09333333333333,88.81714,87.40056060606061,88.28831428571429,89.56553333333332,89.53879838709678,88.00801515151515,88.56990833333333,89.99699206349206,86.50963333333334,87.3388782051282
345,89.48,88.81336999999999,87.07217424242424,88.22088571428573,89.63211666666666,89.36454032258064,88.3899696969697,88.752975,86.37667424242424,86.84033333333333,87.42884615384617
346,89.61333333333333,88.69031999999999,86.71312121212121,88.40995714285714,89.91354166666667,89.08577419354839,88.44836363636364,88.7172,86.68868181818182,87.01454999999999,87.53843589743589
347,89.86000000000001,88.62441999999999,86.04503787878788,88.39335714285714,85.88048412698413,89.28750806451613,88.47125757575758,88.70304999999999,87.02532575757577,87.2316,87.67570512820512
348,87.24516129032259,88.76497,85.80958333333334,88.49837857142857,86.0449126984127,89.55716129032257,88.58793939393938,88.46295833333333,87.1864696969697,87.49381666666667,87.8995
349,87.50967741935484,88.69500000000001,85.81080303030303,88.53416428571428,86.26703968253968,89.3911370967742,88.53592424242423,88.4938,87.16719696969697,87.8043,88.01992307692306
350,87.8,88.7579,85.39028787878789,88.49738571428571,86.61804761904762,89.43527419354838,88.82965151515153,88.83275,87.35740909090909,87.73268333333334,88.31193589743589
351,88.05806451612904,89.00513000000001,85.34346969696969,88.62100714285714,86.6906507936508,89.47800000000001,89.23963636363635,88.88911666666667,87.3411893939394,87.37635,88.44552564102564
352,88.2,89.17593000000001,85.04604545454545,88.50019285714285,86.55696031746032,89.7435,89.25919696969696,88.7134,87.2831212121212,87.63111666666667,88.58807692307693
353,88.12903225806453,89.10418,85.12663636363635,88.63388571428573,86.7084761904762,89.72637096774193,89.33639393939393,88.76723333333332,87.27498484848485,87.65166666666667,88.93710897435896
354,88.21935483870969,88.82629999999999,85.12686363636364,88.64658571428572,87.05780158730158,89.8183306451613,89.27878787878788,89.01774166666667,87.56332575757575,87.53638333333333,89.08085256410257
355,88.41935483870968,88.58912,84.8588712121212,88.52451428571429,87.555373015873,89.80090322580645,89.15725757575757,88.76271666666666,87.68708333333333,87.36938333333333,89.11412820512821
356,88.29032258064517,88.69247999999999,84.94653030303031,88.43442857142857,87.47973015873016,89.72504032258065,89.17643939393939,88.9411,87.79549242424241,87.46996666666668,89.13146153846154
357,88.28387096774193,88.57652999999999,88.6592857142857,88.50615714285713,87.77308730158731,90.00540322580646,89.69239393939394,89.10565,87.97568181818181,87.80566666666667,89.36704487179487
358,88.45806451612903,88.64161,88.75587301587302,88.60244285714286,88.05073015873016,87.50403125,89.52036363636363,89.33859166666667,87.87504545454544,87.59043333333334,89.75431410256411
359,88.71612903225807,88.87271000000001,89.06719047619048,88.77252857142858,88.12426984126984,87.60890625,89.50651515151516,89.347125,87.80637878787878,87.68555,90.14308974358974
360,88.70322580645161,88.76353999999999,89.06733333333334,88.96584999999999,88.49118253968254,87.4457890625,89.59348484848485,89.26538333333333,88.10609090909091,87.92484999999999,87.16866049382716
361,88.71612903225807,88.84521000000001,89.13267460317459,88.87075000000002,88.38619047619048,87.587421875,89.88153030303032,89.28982500000001,88.26891666666667,88.09806666666667,87.47673456790123
362,89.04516129032258,89.24373,89.42381746031745,88.93417142857143,88.37223809523809,87.5995703125,89.9890303030303,89.40245833333333,88.0944015151515,88.26378333333334,87.46378395061728
363,89.18064516129031,89.62833,89.37557142857143,89.05961428571429,88.48036507936507,87.4412734375,90.0254393939394,89.66519166666667,88.14046969696969,88.49023333333334,87.66854320987653
364,89.28387096774195,89.51065,89.2813253968254,88.965,88.82001587301588,87.2613828125,82.18059722222222,89.74591666666667,88.26765151515151,88.45428333333332,87.50348148148149
365,89.51612903225806,89.35499999999999,89.30214285714287,88.96848571428572,89.26249206349206,87.1415,81.81625,90.03718333333333,88.33328787878787,88.26813333333334,87.39193827160493
366,89.59354838709677,89.44617000000001,89.51163492063493,89.12478571428572,89.41905555555556,87.379609375,81.60926388888889,89.97618333333334,88.3970606060606,88.6222,87.63211111111112
367,89.74193548387098,89.23264999999999,89.3949365079365,89.33200714285714,89.5274126984127,87.4699921875,81.65169444444444,89.81223333333334,88.51818181818182,88.67625,88.11727160493828
368,89.85161290322581,89.42527,89.13280158730159,89.29196428571429,89.90210317460317,87.5007265625,82.09966666666666,89.89878333333333,88.48709090909091,88.69178333333333,88.6891975308642
369,90.1741935483871,89.74632,89.0534603174603,89.2032142857143,85.99667424242423,87.6183203125,82.60406944444443,90.035175,88.61418181818182,88.47441666666667,88.86266049382716
370,87.39375,89.96661999999999,88.75876190476191,89.26147857142858,86.26240151515152,87.535765625,82.68613888888888,90.15539166666667,88.79205303030304,88.41916666666665,89.17011111111111
