,train predictions,actual
0,[569.5039],[568.6]
1,[572.28986],[571.2]
2,[574.72925],[571.7]
3,[574.8365],[574.4]
4,[578.2587],[576.4]
5,[579.7886],[582.2]
6,[586.7072],[589.2]
7,[593.6404],[590.4]
8,[593.69446],[593.8]
9,[598.21686],[598.2]
10,[602.3224],[604.7]
11,[609.3672],[612.2]
12,[616.94086],[617.8]
13,[622.2022],[622.9]
14,[627.4445],[625.3]
15,[629.1234],[629.3]
16,[633.641],[633.1]
17,[636.973],[635.8]
18,[639.4273],[640.]
19,[643.97],[642.5]
20,[645.8332],[645.]
21,[648.51697],[648.2]
22,[651.72943],[648.6]
23,[651.3545],[656.1]
24,[660.8089],[660.4]
25,[663.59546],[661.4]
26,[664.51434],[663.9]
27,[667.4002],[667.7]
28,[671.22015],[672.2]
29,[675.8086],[669.8]
30,[671.6649],[672.9]
31,[676.6374],[678.5]
32,[681.96533],[684.]
33,[687.6144],[688.9]
34,[692.53827],[692.7]
35,[696.2238],[696.9]
36,[700.6071],[698.1]
37,[700.9223],[699.7]
38,[702.7728],[700.6]
39,[703.14954],[703.6]
40,[706.6514],[703.]
41,[704.84784],[703.9]
42,[706.4626],[709.7]
43,[713.1383],[711.3]
44,[713.4569],[709.9]
45,[711.89764],[710.6]
46,[713.065],[716.3]
47,[719.6906],[719.]
48,[721.36804],[724.3]
49,[727.90204],[730.4]
50,[733.9434],[735.9]
51,[739.5305],[738.4]
52,[741.3782],[741.8]
53,[745.184],[746.4]
54,[749.77704],[751.2]
55,[754.5389],[758.5]
56,[762.51953],[760.5]
57,[763.00726],[761.1]
58,[763.7265],[764.3]
59,[767.2643],[768.1]
60,[770.8707],[767.7]
61,[769.36755],[773.9]
62,[777.55927],[778.7]
63,[781.3259],[781.7]
64,[784.41205],[784.5]
65,[787.1893],[786.]
66,[788.27],[787.6]
67,[789.86755],[788.5]
68,[790.3862],[790.7]
69,[792.89166],[793.1]
70,[795.16016],[794.9]
71,[796.8622],[796.3]
72,[798.2012],[799.]
73,[801.2415],[801.4]
74,[803.454],[801.5]
75,[803.028],[803.4]
76,[805.4996],[808.7]
77,[811.45026],[809.3]
78,[810.7093],[813.8]
79,[816.77905],[820.]
80,[822.96844],[821.3]
81,[823.1653],[822.5]
82,[824.70996],[825.2]
83,[827.4794],[826.1]
84,[827.70685],[826.5]
85,[828.0493],[831.4]
86,[834.03534],[832.3]
87,[833.55023],[836.2]
88,[838.8059],[836.2]
89,[837.3289],[834.9]
90,[836.081],[840.3]
91,[843.0378],[847.2]
92,[849.91235],[851.1]
93,[853.4159],[857.1]
94,[860.4129],[857.2]
95,[858.6863],[863.1]
96,[866.63586],[868.8]
97,[871.5068],[872.8]
98,[875.42737],[874.6]
99,[876.6484],[878.4]
100,[881.01825],[881.3]
101,[883.3296],[882.8]
102,[884.53406],[888.]
103,[890.72314],[894.8]
104,[897.70966],[899.1]
105,[901.53143],[902.1]
106,[904.47003],[907.2]
107,[910.1059],[913.5]
108,[916.5411],[916.3]
109,[918.3929],[917.3]
110,[919.09344],[920.6]
111,[922.82684],[921.3]
112,[922.42554],[922.7]
113,[924.17554],[924.8]
114,[926.17786],[928.]
115,[929.6843],[929.]
116,[930.0306],[929.9]
117,[931.09753],[929.4]
118,[930.0137],[927.4]
119,[927.55914],[926.7]
120,[927.0778],[928.2]
121,[928.958],[926.4]
122,[926.1498],[927.6]
123,[928.5341],[928.5]
124,[929.0216],[928.9]
125,[929.54706],[930.1]
126,[931.0035],[931.8]
127,[932.83203],[932.6]
128,[933.4248],[932.5]
129,[933.1563],[933.]
130,[933.79944],[931.7]
131,[931.8455],[931.1]
132,[931.50824],[930.1]
133,[930.17145],[929.8]
134,[930.09875],[929.1]
135,[929.19385],[923.9]
136,[922.7498],[918.6]
137,[917.5238],[916.8]
138,[916.3047],[917.4]
139,[917.3373],[916.]
140,[915.5078],[915.2]
141,[915.26886],[916.]
142,[916.498],[918.2]
143,[919.1685],[918.6]
144,[919.17224],[920.8]
145,[922.1631],[924.1]
146,[925.6477],[919.9]
147,[919.40015],[919.4]
148,[920.33514],[918.4]
149,[918.39874],[918.1]
150,[918.4662],[919.3]
151,[919.95667],[921.1]
152,[921.9799],[921.6]
153,[922.2536],[918.4]
154,[918.15625],[916.4]
155,[916.5547],[915.1]
156,[915.04016],[913.7]
157,[913.5544],[913.2]
158,[913.3129],[914.8]
159,[915.50964],[916.2]
160,[916.9001],[915.]
161,[915.20667],[919.5]
162,[921.5384],[919.9]
163,[920.3725],[917.4]
164,[917.65234],[916.1]
165,[916.49774],[916.6]
166,[917.1894],[916.1]
167,[916.28564],[917.5]
168,[918.3869],[916.9]
169,[917.09906],[917.9]
170,[918.8371],[919.1]
171,[919.9085],[917.4]
172,[917.5022],[916.4]
173,[916.8229],[916.]
174,[916.32446],[917.]
175,[917.6978],[919.4]
176,[920.4733],[922.]
177,[923.24774],[921.6]
178,[922.16956],[922.5]
179,[923.6579],[922.9]
180,[923.6332],[921.9]
181,[922.2855],[922.3]
182,[923.0438],[922.5]
183,[922.98914],[923.5]
184,[924.30505],[922.4]
185,[922.5522],[920.6]
186,[920.7071],[918.8]
187,[918.7449],[916.2]
188,[915.7941],[916.2]
189,[916.49786],[912.1]
190,[911.0109],[911.5]
191,[911.7729],[911.3]
192,[911.245],[908.5]
193,[907.96344],[906.9]
194,[906.86285],[907.]
195,[907.254],[907.9]
196,[908.4046],[910.2]
197,[911.24884],[912.]
198,[913.0191],[914.2]
199,[915.57776],[913.8]
200,[914.4539],[916.8]
201,[918.60333],[915.2]
202,[915.3093],[912.1]
203,[912.1666],[912.2]
204,[912.8155],[916.3]
205,[917.74774],[920.5]
206,[922.0152],[920.8]
207,[921.6118],[918.7]
208,[919.13824],[916.9]
209,[917.24677],[919.6]
210,[920.9268],[919.3]
211,[919.45874],[919.6]
212,[920.373],[921.3]
213,[922.2854],[920.5]
214,[920.79456],[921.4]
215,[922.3862],[918.6]
216,[918.25555],[918.9]
217,[919.68616],[920.]
218,[920.5554],[918.7]
219,[918.7442],[917.5]
220,[917.7313],[919.]
221,[919.86505],[917.7]
222,[917.63605],[915.3]
223,[915.2243],[917.2]
224,[918.20776],[918.4]
225,[918.94],[919.5]
226,[920.37524],[922.9]
227,[924.4852],[926.4]
228,[928.0212],[924.8]
229,[925.17126],[923.1]
230,[923.6837],[922.6]
231,[923.083],[922.4]
232,[922.76416],[921.]
233,[920.9748],[922.]
234,[922.7271],[922.]
235,[922.2674],[919.9]
236,[919.80585],[923.8]
237,[925.48413],[926.4]
238,[927.34216],[926.4]
239,[927.1459],[924.2]
240,[924.39166],[924.7]
241,[925.5873],[924.4]
242,[924.6704],[921.4]
243,[921.02856],[921.4]
244,[921.8983],[924.]
245,[924.91876],[926.2]
246,[927.13226],[926.]
247,[926.5358],[927.7]
248,[928.97614],[929.2]
249,[930.20233],[930.9]
250,[932.10126],[929.]
251,[929.11536],[929.9]
252,[930.97833],[927.8]
253,[927.5562],[924.8]
254,[924.54095],[925.8]
255,[926.4258],[927.2]
256,[927.67786],[926.8]
257,[927.0396],[926.3]
258,[926.70074],[925.8]
259,[926.1367],[925.9]
260,[926.39014],[923.8]
261,[923.59235],[925.6]
262,[926.64105],[926.]
263,[926.3073],[927.]
264,[927.86176],[927.7]
265,[928.39417],[928.5]
266,[929.3413],[929.6]
267,[930.50684],[927.7]
268,[927.73376],[930.7]
269,[932.2838],[931.1]
270,[931.4821],[930.2]
271,[930.6737],[931.4]
272,[932.34827],[934.1]
273,[935.32153],[934.3]
274,[934.8688],[934.]
275,[934.67163],[932.4]
276,[932.5373],[932.5]
277,[933.09094],[932.1]
278,[932.29156],[932.9]
279,[933.54974],[934.1]
280,[934.7887],[933.2]
281,[933.399],[934.3]
282,[935.2298],[934.5]
283,[934.94604],[937.]
284,[938.30286],[938.9]
285,[939.88556],[937.6]
286,[937.8994],[935.4]
287,[935.5256],[935.9]
288,[936.562],[936.3]
289,[936.6501],[938.]
290,[938.88586],[937.]
291,[937.0752],[937.4]
292,[938.15204],[937.6]
293,[938.0457],[936.8]
294,[937.0519],[940.1]
295,[941.554],[943.3]
296,[944.5197],[943.9]
297,[944.7358],[943.6]
298,[944.3494],[945.9]
299,[947.28436],[943.9]
300,[943.78296],[941.9]
301,[942.0654],[940.8]
302,[940.8243],[941.1]
303,[941.4135],[944.3]
304,[945.42096],[945.7]
305,[946.35114],[946.1]
306,[946.86633],[947.2]
307,[948.1732],[951.5]
308,[953.3463],[948.9]
309,[948.6226],[945.2]
310,[945.0951],[943.2]
311,[943.03143],[944.4]
312,[944.86725],[945.2]
313,[945.4233],[942.8]
314,[942.38605],[944.3]
315,[945.2182],[948.]
316,[949.23615],[949.1]
317,[949.8227],[950.9]
318,[952.1851],[949.3]
319,[949.44836],[948.7]
320,[949.305],[948.7]
321,[949.08673],[948.6]
322,[948.9198],[947.5]
323,[947.5137],[944.8]
324,[944.373],[942.7]
325,[942.40234],[942.]
326,[941.9094],[940.4]
327,[939.9841],[940.]
328,[940.07434],[940.3]
329,[940.5097],[940.9]
330,[941.31836],[943.5]
331,[944.6144],[942.8]
332,[942.9743],[942.]
333,[942.4841],[942.3]
334,[942.8663],[942.8]
335,[943.3315],[945.6]
336,[946.8394],[947.1]
337,[947.92017],[944.1]
338,[943.8839],[943.7]
339,[944.33856],[943.]
340,[943.0442],[942.6]
341,[942.82904],[942.3]
342,[942.47205],[943.3]
343,[943.9012],[943.5]
344,[943.85077],[946.2]
345,[947.4715],[946.2]
346,[946.57336],[945.8]
347,[946.39886],[945.6]
348,[946.06934],[946.8]
349,[947.6111],[947.5]
350,[948.06964],[945.4]
351,[945.27124],[945.4]
352,[945.9574],[945.1]
353,[945.2465],[942.3]
354,[941.82935],[940.3]
355,[940.0946],[940.9]
356,[941.2087],[946.2]
357,[947.8308],[949.2]
358,[950.2484],[950.3]
359,[951.4298],[950.5]
360,[951.42413],[951.9]
361,[953.0972],[951.4]
362,[951.82306],[949.3]
363,[949.3198],[948.]
364,[948.0835],[946.4]
365,[946.1531],[944.6]
366,[944.2759],[946.1]
367,[946.69666],[945.5]
368,[945.35547],[944.8]
369,[945.0126],[943.2]
370,[943.05005],[941.9]
371,[941.8773],[941.4]
372,[941.48285],[941.6]
373,[941.85767],[943.9]
374,[944.821],[943.6]
375,[943.7953],[945.5]
376,[946.6879],[944.5]
377,[944.6078],[946.]
378,[947.1354],[948.6]
379,[949.7202],[951.2]
380,[952.4905],[951.8]
381,[952.6219],[952.4]
382,[953.36646],[952.3]
383,[952.89484],[955.5]
384,[957.0417],[953.3]
385,[953.01044],[951.2]
386,[951.3723],[951.7]
387,[952.1716],[953.5]
388,[954.1941],[952.9]
389,[952.98425],[953.2]
390,[953.80524],[952.1]
391,[952.1221],[953.7]
392,[954.63666],[953.1]
393,[953.14905],[955.1]
394,[956.2191],[956.1]
395,[956.6785],[954.]
396,[953.9407],[955.3]
397,[956.28156],[954.]
398,[953.82446],[954.5]
399,[955.155],[955.9]
400,[956.53516],[957.7]
401,[958.58984],[954.4]
402,[953.8612],[954.2]
403,[954.8326],[952.6]
404,[952.2568],[952.7]
405,[953.0621],[951.4]
406,[951.12213],[950.3]
407,[950.2868],[952.2]
408,[952.964],[953.3]
409,[953.7679],[951.8]
410,[951.80664],[953.8]
411,[954.9448],[956.2]
412,[957.162],[956.1]
413,[956.58167],[957.8]
414,[958.9782],[957.5]
415,[957.8622],[958.1]
416,[958.914],[957.1]
417,[957.2095],[957.4]
418,[957.98663],[958.6]
419,[959.23315],[958.7]
420,[959.06903],[955.9]
421,[955.5256],[952.1]
422,[951.44775],[948.6]
423,[947.7585],[947.8]
424,[947.52704],[950.1]
425,[950.5809],[948.9]
426,[948.4869],[950.4]
427,[951.2971],[950.3]
428,[950.48694],[952.7]
429,[953.95636],[952.2]
430,[952.39764],[949.3]
431,[949.12006],[948.1]
432,[948.243],[948.3]
433,[948.5287],[946.9]
434,[946.6357],[948.5]
435,[949.28394],[949.2]
436,[949.53827],[947.]
437,[946.8064],[946.7]
438,[947.1393],[944.2]
439,[943.6866],[943.8]
440,[944.0566],[944.4]
441,[944.6553],[949.6]
442,[951.3609],[950.3]
443,[950.7189],[950.7]
444,[951.7164],[950.2]
445,[950.70197],[949.6]
446,[950.05804],[953.3]
447,[954.85046],[956.3]
448,[957.44196],[955.7]
449,[956.1777],[952.2]
450,[951.97546],[951.4]
451,[951.7786],[951.2]
452,[951.27563],[951.2]
453,[951.39087],[953.1]
454,[953.8832],[958.7]
455,[960.6211],[960.7]
456,[961.68744],[962.1]
457,[963.4854],[961.9]
458,[962.6437],[961.1]
459,[961.64014],[962.2]
460,[963.06537],[961.3]
461,[961.34827],[962.9]
462,[963.8487],[961.6]
463,[961.4354],[960.3]
464,[960.4408],[959.8]
465,[959.9261],[961.9]
466,[962.74054],[964.3]
467,[965.1772],[965.5]
468,[966.291],[965.]
469,[965.4527],[965.9]
470,[966.78894],[962.4]
471,[961.7523],[962.3]
472,[962.83813],[961.5]
473,[961.2696],[957.7]
474,[956.80194],[959.2]
475,[959.88904],[961.9]
476,[962.5398],[965.2]
477,[966.43286],[966.9]
478,[967.876],[968.2]
479,[969.33563],[967.3]
480,[967.71985],[962.1]
481,[961.238],[959.7]
482,[959.49615],[959.8]
483,[959.71454],[958.]
484,[957.33563],[958.5]
485,[958.7812],[958.8]
486,[958.89197],[960.7]
487,[961.5405],[957.6]
488,[956.9533],[954.1]
489,[953.68695],[955.2]
490,[955.72156],[958.1]
491,[958.87213],[960.]
492,[960.75525],[960.2]
493,[960.7731],[958.7]
494,[958.8888],[957.4]
495,[957.5806],[954.2]
496,[953.57715],[954.3]
497,[954.61145],[955.4]
498,[955.6593],[956.9]
499,[957.50793],[959.9]
500,[961.11206],[961.6]
501,[962.54706],[962.2]
502,[963.08325],[964.1]
503,[965.3566],[968.2]
504,[969.97424],[974.]
505,[976.30145],[976.7]
506,[978.2569],[977.6]
507,[978.9717],[982.]
508,[984.28314],[985.5]
509,[987.1928],[990.6]
510,[993.0309],[993.3]
511,[994.90735],[999.5]
512,[1002.44305],[1005.4]
513,[1007.96857],[1004.6]
514,[1005.4574],[1005.8]
515,[1007.45575],[1010.4]
516,[1012.4063],[1013.4]
517,[1014.8054],[1014.9]
518,[1016.11694],[1016.1]
519,[1017.1989],[1018.1]
520,[1019.3249],[1017.4]
521,[1017.6747],[1016.4]
522,[1016.66235],[1018.7]
523,[1019.6896],[1021.6]
524,[1022.5773],[1024.6]
525,[1025.8612],[1027.5]
526,[1028.8839],[1030.3]
527,[1031.7786],[1033.5]
528,[1035.1508],[1037.5]
529,[1039.3982],[1036.6]
530,[1036.9928],[1034.8]
531,[1035.1133],[1032.7]
532,[1032.444],[1034.1]
533,[1034.6747],[1035.7]
534,[1036.0461],[1039.8]
535,[1041.2114],[1042.4]
536,[1043.407],[1043.7]
537,[1044.7205],[1045.9]
538,[1047.206],[1049.4]
539,[1050.9884],[1052.7]
540,[1054.2247],[1053.1]
541,[1053.8475],[1056.9]
542,[1058.811],[1060.]
543,[1061.3357],[1063.2]
544,[1064.8539],[1065.]
545,[1066.1744],[1066.9]
546,[1068.193],[1067.3]
547,[1067.967],[1066.5]
548,[1066.7826],[1071.7]
549,[1073.6935],[1075.8]
550,[1077.1149],[1078.6]
551,[1080.0929],[1080.3]
552,[1081.5295],[1080.7]
553,[1081.524],[1083.6]
554,[1085.0958],[1086.]
555,[1087.0669],[1087.6]
556,[1088.5939],[1088.6]
557,[1089.4017],[1092.1]
558,[1093.6638],[1099.4]
559,[1102.0392],[1101.4]
560,[1102.498],[1100.1]
561,[1100.7465],[1101.1]
562,[1102.1735],[1101.8]
563,[1102.298],[1101.6]
564,[1101.8221],[1100.9]
565,[1100.8873],[1102.]
566,[1102.4762],[1102.6]
567,[1102.791],[1105.1]
568,[1106.071],[1104.5]
569,[1104.4259],[1104.6]
570,[1105.0552],[1102.6]
571,[1102.0972],[1101.5]
572,[1101.345],[1102.5]
573,[1102.7104],[1104.4]
574,[1104.8713],[1104.4]
575,[1104.4427],[1106.1]
576,[1106.9213],[1106.1]
577,[1106.2327],[1106.8]
578,[1107.3634],[1101.7]
579,[1100.2256],[1101.5]
580,[1101.7543],[1102.]
581,[1101.7158],[1100.]
582,[1099.2317],[1101.1]
583,[1101.4613],[1100.6]
584,[1100.2322],[1100.2]
585,[1100.1981],[1102.7]
586,[1103.5175],[1099.1]
587,[1097.9291],[1095.4]
588,[1094.6198],[1096.6]
589,[1096.8185],[1097.6]
590,[1097.491],[1097.3]
591,[1097.1608],[1097.1]
592,[1097.1332],[1095.2]
593,[1094.6667],[1093.3]
594,[1092.8083],[1091.4]
595,[1090.6982],[1089.2]
596,[1088.3232],[1087.2]
597,[1086.3348],[1088.4]
598,[1088.4998],[1089.1]
599,[1088.9805],[1087.9]
600,[1087.5426],[1087.4]
601,[1087.3784],[1085.]
602,[1084.2332],[1083.7]
603,[1083.3435],[1082.4]
604,[1081.7849],[1082.2]
605,[1081.9811],[1081.6]
606,[1081.2153],[1081.]
607,[1080.7644],[1079.7]
608,[1079.2465],[1081.1]
609,[1081.543],[1078.4]
610,[1077.4095],[1081.]
611,[1082.0477],[1082.7]
612,[1082.9805],[1080.6]
613,[1080.2004],[1080.4]
614,[1080.6842],[1080.7]
615,[1080.7828],[1080.3]
616,[1080.2235],[1078.6]
617,[1078.1464],[1081.2]
618,[1082.0948],[1079.9]
619,[1079.3181],[1080.5]
620,[1081.019],[1083.3]
621,[1084.1685],[1081.7]
622,[1081.3042],[1083.6]
623,[1084.6423],[1082.9]
624,[1082.6774],[1083.9]
625,[1084.561],[1085.3]
626,[1085.7932],[1086.8]
627,[1087.4766],[1084.5]
628,[1084.0142],[1084.8]
629,[1085.2843],[1085.3]
630,[1085.3965],[1086.1]
631,[1086.4418],[1087.1]
632,[1087.5048],[1085.9]
633,[1085.6842],[1082.8]
634,[1082.0789],[1079.6]
635,[1078.6713],[1077.4]
636,[1076.5029],[1076.8]
637,[1076.2372],[1077.8]
638,[1077.7365],[1077.3]
639,[1076.914],[1076.6]
640,[1076.4475],[1073.8]
641,[1072.9474],[1070.5]
642,[1069.5247],[1068.9]
643,[1068.2084],[1065.1]
644,[1063.5281],[1063.7]
645,[1063.0228],[1063.9]
646,[1063.4655],[1063.]
647,[1062.4071],[1063.8]
648,[1063.986],[1062.6]
649,[1062.124],[1061.9]
650,[1061.8372],[1058.9]
651,[1057.9442],[1058.]
652,[1057.7769],[1054.2]
653,[1052.7428],[1055.3]
654,[1055.5823],[1056.2]
655,[1056.0068],[1056.2]
656,[1056.1998],[1058.]
657,[1058.6775],[1056.6]
658,[1056.2623],[1057.1]
659,[1057.6245],[1055.6]
660,[1055.1652],[1055.3]
661,[1055.4127],[1058.5]
662,[1059.4565],[1058.9]
663,[1058.9886],[1056.2]
664,[1055.7511],[1055.9]
665,[1056.1213],[1054.1]
666,[1053.4675],[1053.4]
667,[1053.2394],[1052.9]
668,[1052.5939],[1052.8]
669,[1052.7085],[1056.5]
670,[1057.6263],[1059.]
671,[1059.7504],[1059.7]
672,[1060.3578],[1060.2]
673,[1060.8689],[1061.3]
674,[1062.0425],[1062.5]
675,[1063.1724],[1063.7]
676,[1064.3721],[1063.1]
677,[1063.2067],[1066.9]
678,[1068.4447],[1064.6]
679,[1063.9384],[1065.]
680,[1065.7328],[1064.]
681,[1063.6774],[1063.7]
682,[1063.8049],[1063.5]
683,[1063.4191],[1065.1]
684,[1065.6442],[1064.8]
685,[1064.7058],[1064.1]
686,[1064.1409],[1065.1]
687,[1065.5509],[1063.7]
688,[1063.3024],[1061.8]
689,[1061.4258],[1060.2]
690,[1059.7065],[1058.7]
691,[1058.1249],[1058.]
692,[1057.6289],[1055.9]
693,[1055.0619],[1054.]
694,[1053.3414],[1053.3]
695,[1052.898],[1052.9]
696,[1052.5642],[1052.6]
697,[1052.3955],[1052.9]
698,[1052.9578],[1050.7]
699,[1050.0212],[1049.4]
700,[1049.1499],[1049.8]
701,[1049.8253],[1049.8]
702,[1049.6876],[1048.2]
703,[1047.7455],[1048.4]
704,[1048.5695],[1049.2]
705,[1049.383],[1048.9]
706,[1048.8716],[1048.3]
707,[1048.2893],[1048.2]
708,[1048.2935],[1051.1]
709,[1052.0796],[1050.3]
710,[1050.0789],[1046.2]
711,[1045.3562],[1043.8]
712,[1043.2754],[1042.6]
713,[1042.0099],[1044.2]
714,[1044.4337],[1045.5]
715,[1045.6462],[1044.8]
716,[1044.6855],[1042.5]
717,[1042.0507],[1041.5]
718,[1041.3702],[1039.7]
719,[1039.0682],[1040.2]
720,[1040.3265],[1038.2]
721,[1037.3893],[1037.5]
722,[1037.3835],[1034.8]
723,[1033.8362],[1038.]
724,[1039.0311],[1036.4]
725,[1035.586],[1036.]
726,[1036.2533],[1037.3]
727,[1037.7047],[1037.6]
728,[1037.7725],[1038.1]
729,[1038.493],[1041.3]
730,[1042.498],[1041.5]
731,[1041.7335],[1041.5]
732,[1042.0299],[1041.6]
733,[1041.944],[1040.]
734,[1039.7561],[1037.]
735,[1036.294],[1033.2]
736,[1032.0663],[1034.3]
737,[1034.4758],[1035.7]
738,[1035.6703],[1033.8]
739,[1033.1804],[1034.5]
740,[1034.9371],[1034.8]
741,[1034.8522],[1036.1]
742,[1036.6886],[1039.5]
743,[1040.699],[1036.4]
744,[1035.6716],[1032.9]
745,[1032.456],[1033.3]
746,[1033.488],[1034.5]
747,[1034.6322],[1033.2]
748,[1032.768],[1031.9]
749,[1031.6862],[1027.6]
750,[1026.311],[1024.6]
751,[1023.74927],[1023.1]
752,[1022.3099],[1022.4]
753,[1021.8278],[1019.3]
754,[1018.0816],[1018.]
755,[1017.5465],[1020.8]
756,[1021.3992],[1021.1]
757,[1020.9876],[1022.4]
758,[1023.10876],[1019.8]
759,[1019.2065],[1019.7]
760,[1020.1153],[1021.1]
761,[1021.51447],[1021.4]
762,[1021.58203],[1021.1]
763,[1021.2569],[1019.2]
764,[1018.8559],[1020.7]
765,[1021.39185],[1022.3]
766,[1022.7434],[1020.3]
767,[1019.9115],[1023.]
768,[1024.2231],[1022.5]
769,[1022.33093],[1021.6]
770,[1021.7817],[1018.2]
771,[1017.357],[1019.1]
772,[1019.5796],[1018.6]
773,[1018.20306],[1018.7]
774,[1018.85956],[1018.7]
775,[1018.73474],[1017.]
776,[1016.63196],[1017.]
777,[1017.19965],[1017.5]
778,[1017.6515],[1015.1]
779,[1014.4641],[1014.6]
780,[1014.68097],[1014.9]
781,[1014.92773],[1011.9]
782,[1011.0173],[1010.6]
783,[1010.3949],[1011.]
784,[1010.9879],[1012.6]
785,[1013.0104],[1012.]
786,[1011.86975],[1015.4]
787,[1016.76886],[1012.5]
788,[1011.70825],[1009.9]
789,[1009.752],[1007.]
790,[1006.18274],[1006.2]
791,[1005.93024],[1006.9]
792,[1006.8599],[1005.2]
793,[1004.56323],[1003.]
794,[1002.4775],[1002.1]
795,[1001.8543],[1000.3]
796,[999.67737],[997.9]
797,[997.1886],[996.4]
798,[995.8988],[996.5]
799,[996.397],[997.6]
800,[997.8258],[993.5]
801,[992.3046],[996.3]
802,[997.51733],[997.6]
803,[997.7411],[996.1]
804,[996.0162],[995.5]
805,[995.71405],[992.5]
806,[991.7722],[993.5]
807,[994.0416],[995.9]
808,[996.47906],[993.3]
809,[992.6508],[993.1]
810,[993.523],[990.7]
811,[990.0235],[991.2]
812,[991.60077],[990.2]
813,[989.81067],[991.1]
814,[991.5769],[991.4]
815,[991.5376],[992.]
816,[992.4666],[991.9]
817,[992.1319],[991.]
818,[991.07007],[992.1]
819,[992.7303],[989.8]
820,[989.24817],[991.2]
821,[992.01416],[991.9]
822,[992.0962],[992.2]
823,[992.60706],[991.5]
824,[991.59045],[991.7]
825,[992.1058],[992.]
826,[992.29767],[992.3]
827,[992.64777],[991.8]
828,[991.9106],[991.1]
829,[991.18744],[991.6]
830,[991.98065],[992.2]
831,[992.5359],[993.1]
832,[993.6207],[994.3]
833,[994.9462],[994.]
834,[994.24976],[994.9]
835,[995.6089],[992.5]
836,[992.04254],[997.5]
837,[999.4599],[1002.6]
838,[1004.0656],[1003.1]
839,[1003.8446],[1003.]
840,[1003.8625],[1001.]
841,[1001.0057],[1001.9]
842,[1002.6622],[1002.7]
843,[1003.0226],[1001.2]
844,[1000.988],[999.8]
845,[999.68384],[1002.1]
846,[1002.9305],[1002.1]
847,[1002.08466],[999.9]
848,[999.6054],[1001.1]
849,[1001.7684],[1000.9]
850,[1000.84656],[1000.2]
851,[1000.2747],[1001.6]
852,[1002.23016],[1003.3]
853,[1003.9399],[1003.3]
854,[1003.60223],[1001.8]
855,[1001.7783],[998.7]
856,[998.1087],[998.3]
857,[998.37366],[998.3]
858,[998.1647],[1002.7]
859,[1004.0661],[1002.3]
860,[1002.16614],[1001.7]
861,[1002.16626],[1002.5]
862,[1003.089],[1005.4]
863,[1006.54956],[1002.3]
864,[1001.60516],[1000.2]
865,[1000.184],[999.2]
866,[998.95734],[998.6]
867,[998.4112],[997.4]
868,[997.01636],[996.5]
869,[996.28296],[994.1]
870,[993.39355],[993.1]
871,[992.8955],[995.1]
872,[995.6231],[992.3]
873,[991.3905],[992.1]
874,[992.4233],[996.]
875,[997.1474],[998.]
876,[998.6694],[999.1]
877,[999.96655],[1001.7]
878,[1003.0412],[1004.9]
879,[1006.35767],[1010.6]
880,[1012.93384],[1014.5]
881,[1016.30994],[1013.6]
882,[1014.2938],[1013.6]
883,[1014.60614],[1014.8]
884,[1015.6553],[1016.7]
885,[1017.62366],[1018.4]
886,[1019.2447],[1018.8]
887,[1019.3343],[1021.9]
888,[1023.32794],[1026.5]
889,[1028.2217],[1027.1]
890,[1027.7963],[1029.7]
891,[1031.3297],[1032.8]
892,[1034.232],[1035.]
893,[1036.273],[1036.3]
894,[1037.3419],[1038.9]
895,[1040.31],[1042.3]
896,[1043.8163],[1042.8]
897,[1043.483],[1044.6]
898,[1045.85],[1047.1]
899,[1048.2795],[1047.4]
900,[1047.9391],[1049.2]
901,[1050.3016],[1051.5]
902,[1052.5232],[1053.3]
903,[1054.2571],[1054.7]
904,[1055.5969],[1058.9]
905,[1060.6759],[1061.8]
906,[1063.0657],[1065.2]
907,[1066.94],[1065.8]
908,[1066.5942],[1065.9]
909,[1066.6802],[1066.2]
910,[1066.7484],[1066.6]
911,[1067.0212],[1070.2]
912,[1071.5411],[1074.4]
913,[1075.8385],[1079.8]
914,[1081.9578],[1082.4]
915,[1083.84],[1083.9]
916,[1085.3112],[1082.9]
917,[1083.3279],[1081.2]
918,[1081.2792],[1084.6]
919,[1085.9155],[1090.3]
920,[1092.0072],[1092.6]
921,[1093.6123],[1091.5]
922,[1091.9031],[1095.]
923,[1096.7972],[1098.2]
924,[1099.4204],[1100.3]
925,[1101.4921],[1101.8]
926,[1102.8319],[1102.8]
927,[1103.645],[1104.6]
928,[1105.6276],[1105.]
929,[1105.4623],[1110.]
930,[1112.0065],[1112.3]
931,[1113.1909],[1116.8]
932,[1118.9393],[1118.2]
933,[1119.134],[1122.6]
934,[1124.8468],[1124.4]
935,[1125.4391],[1129.2]
936,[1131.5435],[1130.9]
937,[1131.9143],[1131.9]
938,[1133.0618],[1134.2]
939,[1135.5011],[1140.2]
940,[1142.5609],[1140.7]
941,[1141.2372],[1140.6]
942,[1141.4847],[1140.]
943,[1140.2769],[1140.6]
944,[1141.1222],[1140.]
945,[1139.8945],[1141.]
946,[1141.4912],[1141.5]
947,[1141.6628],[1140.6]
948,[1140.4847],[1140.1]
949,[1140.1217],[1138.4]
950,[1137.8881],[1136.8]
951,[1136.3296],[1136.8]
952,[1136.6825],[1136.4]
953,[1136.0795],[1134.9]
954,[1134.3761],[1135.8]
955,[1136.0876],[1133.9]
956,[1133.1378],[1132.3]
957,[1131.9244],[1132.4]
958,[1132.3132],[1131.4]
959,[1130.9089],[1127.]
960,[1125.5669],[1125.5]
961,[1125.0024],[1124.9]
962,[1124.2545],[1121.8]
963,[1120.5066],[1121.4]
964,[1121.1295],[1123.3]
965,[1123.5251],[1125.]
966,[1125.3683],[1124.3]
967,[1124.206],[1124.5]
968,[1124.8768],[1124.8]
969,[1125.0052],[1124.7]
970,[1124.8099],[1122.3]
971,[1121.6508],[1123.3]
972,[1123.7545],[1124.1]
973,[1124.1499],[1122.]
974,[1121.4028],[1121.6]
975,[1121.6431],[1123.2]
976,[1123.6034],[1123.4]
977,[1123.4092],[1122.]
978,[1121.7327],[1122.4]
979,[1122.6886],[1123.]
980,[1123.1525],[1125.6]
981,[1126.5201],[1124.2]
982,[1123.8213],[1123.]
983,[1123.0349],[1124.]
984,[1124.3888],[1126.8]
985,[1127.6659],[1128.2]
986,[1128.7267],[1130.4]
987,[1131.4781],[1127.]
988,[1126.2198],[1126.5]
989,[1126.8862],[1128.6]
990,[1129.1519],[1127.2]
991,[1126.6893],[1125.9]
992,[1125.723],[1127.3]
993,[1127.7385],[1127.6]
994,[1127.5936],[1126.]
995,[1125.639],[1123.5]
996,[1122.8435],[1126.8]
997,[1127.8529],[1128.6]
998,[1128.8682],[1128.5]
999,[1128.7433],[1128.2]
1000,[1128.4225],[1130.4]
1001,[1131.3326],[1133.1]
1002,[1134.0585],[1132.9]
1003,[1133.1293],[1131.]
1004,[1130.8586],[1126.9]
1005,[1125.8435],[1124.8]
1006,[1124.1669],[1124.]
1007,[1123.3528],[1124.]
1008,[1123.639],[1123.4]
1009,[1122.9552],[1122.3]
1010,[1121.8829],[1121.7]
1011,[1121.4738],[1119.6]
1012,[1118.8479],[1118.9]
1013,[1118.6592],[1118.3]
1014,[1117.8944],[1119.4]
1015,[1119.6477],[1122.6]
1016,[1123.5156],[1123.6]
1017,[1123.9899],[1123.5]
1018,[1123.8973],[1125.]
1019,[1125.8333],[1124.3]
1020,[1124.2643],[1123.9]
1021,[1124.1007],[1123.6]
1022,[1123.5898],[1125.4]
1023,[1126.0443],[1127.7]
1024,[1128.4303],[1128.1]
1025,[1128.4402],[1126.9]
1026,[1126.8984],[1128.7]
1027,[1129.5769],[1127.6]
1028,[1127.2604],[1126.1]
1029,[1125.917],[1126.1]
1030,[1126.1299],[1127.7]
1031,[1128.1295],[1127.2]
1032,[1127.0048],[1122.8]
1033,[1121.5962],[1120.3]
1034,[1119.643],[1118.3]
1035,[1117.3103],[1118.]
1036,[1117.563],[1119.6]
1037,[1119.7324],[1119.4]
1038,[1119.1359],[1120.2]
1039,[1120.5999],[1125.]
1040,[1126.6165],[1126.7]
1041,[1127.355],[1124.5]
1042,[1124.4204],[1123.7]
1043,[1123.977],[1124.9]
1044,[1125.3641],[1124.7]
1045,[1124.6221],[1122.2]
1046,[1121.5452],[1118.2]
1047,[1117.0181],[1117.9]
1048,[1117.6892],[1118.1]
1049,[1117.6997],[1115.8]
1050,[1114.8605],[1115.8]
1051,[1115.7753],[1115.8]
1052,[1115.562],[1117.1]
1053,[1117.4928],[1116.1]
1054,[1115.7567],[1114.5]
1055,[1114.2043],[1117.5]
1056,[1118.5067],[1116.8]
1057,[1116.4137],[1116.]
1058,[1116.0907],[1117.2]
1059,[1117.6633],[1116.1]
1060,[1115.7563],[1114.2]
1061,[1113.7948],[1111.5]
1062,[1110.6486],[1111.1]
1063,[1110.8695],[1109.1]
1064,[1108.1364],[1106.7]
1065,[1105.824],[1104.9]
1066,[1104.0924],[1106.]
1067,[1106.0659],[1107.3]
1068,[1107.3949],[1107.9]
1069,[1108.096],[1108.1]
1070,[1108.328],[1108.1]
1071,[1108.3002],[1111.5]
1072,[1112.7664],[1114.9]
1073,[1116.0511],[1113.2]
1074,[1113.0653],[1112.7]
1075,[1113.1741],[1111.8]
1076,[1111.6528],[1112.8]
1077,[1113.2402],[1111.6]
1078,[1111.146],[1111.1]
1079,[1111.0952],[1110.4]
1080,[1110.1245],[1107.5]
1081,[1106.5767],[1108.2]
1082,[1108.4288],[1107.9]
1083,[1107.4872],[1109.3]
1084,[1109.7635],[1109.5]
1085,[1109.5046],[1109.2]
1086,[1109.3114],[1109.1]
1087,[1109.2164],[1108.]
1088,[1107.7461],[1106.9]
1089,[1106.6434],[1107.2]
1090,[1107.266],[1105.]
1091,[1104.1924],[1105.9]
1092,[1106.262],[1105.2]
1093,[1104.7517],[1103.7]
1094,[1103.3175],[1104.3]
1095,[1104.4852],[1107.]
1096,[1107.7432],[1109.1]
1097,[1109.785],[1105.2]
1098,[1104.2623],[1105.7]
1099,[1106.359],[1107.6]
1100,[1108.0115],[1108.2]
1101,[1108.434],[1109.9]
1102,[1110.6543],[1112.5]
1103,[1113.5056],[1113.1]
1104,[1113.5859],[1110.1]
1105,[1109.6066],[1112.5]
1106,[1113.6499],[1112.8]
1107,[1112.7167],[1114.9]
1108,[1115.8544],[1115.]
1109,[1115.1168],[1115.2]
1110,[1115.6362],[1118.5]
1111,[1119.7576],[1115.8]
1112,[1115.0508],[1114.8]
1113,[1115.0159],[1113.]
1114,[1112.3608],[1113.6]
1115,[1113.7941],[1112.]
1116,[1111.257],[1113.4]
1117,[1113.9069],[1113.5]
1118,[1113.3441],[1114.8]
1119,[1115.3851],[1116.8]
1120,[1117.5112],[1118.]
1121,[1118.6064],[1117.6]
1122,[1117.8148],[1118.7]
1123,[1119.4052],[1117.9]
1124,[1117.7798],[1115.5]
1125,[1114.9946],[1114.1]
1126,[1113.7349],[1115.2]
1127,[1115.3918],[1114.]
1128,[1113.3993],[1113.2]
1129,[1113.0297],[1111.]
1130,[1110.219],[1111.6]
1131,[1111.7863],[1114.]
1132,[1114.5264],[1114.]
1133,[1113.975],[1115.1]
1134,[1115.742],[1113.9]
1135,[1113.6576],[1115.3]
1136,[1116.0524],[1118.5]
1137,[1119.5195],[1122.2]
1138,[1123.5647],[1123.5]
1139,[1124.3145],[1123.6]
1140,[1124.268],[1126.9]
1141,[1128.4534],[1126.5]
1142,[1126.6069],[1125.4]
1143,[1125.6039],[1123.7]
1144,[1123.3685],[1125.7]
1145,[1126.431],[1126.3]
1146,[1126.3192],[1128.1]
1147,[1128.8822],[1127.5]
1148,[1127.4274],[1125.7]
1149,[1125.479],[1126.3]
1150,[1126.6473],[1124.3]
1151,[1123.5658],[1123.8]
1152,[1123.7544],[1122.1]
1153,[1121.3789],[1120.5]
1154,[1119.9554],[1120.7]
1155,[1120.5966],[1119.5]
1156,[1118.9026],[1118.6]
1157,[1118.3011],[1120.7]
1158,[1121.2743],[1124.5]
1159,[1125.5978],[1123.8]
1160,[1123.735],[1124.4]
1161,[1125.1597],[1125.4]
1162,[1125.9155],[1129.2]
1163,[1130.6733],[1126.9]
1164,[1126.3236],[1127.6]
1165,[1128.4482],[1130.1]
1166,[1130.9014],[1131.]
1167,[1131.4456],[1131.1]
1168,[1131.4769],[1130.2]
1169,[1130.2008],[1132.2]
1170,[1133.0728],[1133.3]
1171,[1133.6587],[1134.]
1172,[1134.5002],[1134.5]
1173,[1134.9089],[1134.2]
1174,[1134.3528],[1135.5]
1175,[1136.1483],[1137.3]
1176,[1137.9694],[1139.2]
1177,[1140.0278],[1136.4]
1178,[1135.7908],[1134.3]
1179,[1134.0845],[1134.]
1180,[1133.8551],[1132.6]
1181,[1131.9696],[1134.5]
1182,[1135.0453],[1134.8]
1183,[1134.6786],[1133.4]
1184,[1133.1381],[1133.3]
1185,[1133.4308],[1134.4]
1186,[1134.7394],[1133.4]
1187,[1133.0929],[1131.8]
1188,[1131.4692],[1133.2]
1189,[1133.6798],[1132.2]
1190,[1131.7363],[1133.2]
1191,[1133.7004],[1132.3]
1192,[1131.9532],[1130.6]
1193,[1130.2454],[1129.7]
1194,[1129.4371],[1127.]
1195,[1126.0231],[1127.2]
1196,[1127.205],[1125.4]
1197,[1124.4907],[1128.1]
1198,[1128.9536],[1130.1]
1199,[1130.4731],[1131.4]
1200,[1132.0704],[1132.]
1201,[1132.5168],[1131.4]
1202,[1131.5708],[1133.7]
1203,[1134.746],[1132.6]
1204,[1132.309],[1128.3]
1205,[1127.2886],[1128.4]
1206,[1128.5549],[1130.1]
1207,[1130.2675],[1131.3]
1208,[1131.5618],[1133.4]
1209,[1134.1932],[1131.9]
1210,[1131.6082],[1130.4]
1211,[1130.3501],[1129.9]
1212,[1129.8204],[1130.4]
1213,[1130.5099],[1132.7]
1214,[1133.3785],[1133.6]
1215,[1133.9065],[1137.5]
1216,[1139.0742],[1138.9]
1217,[1139.5573],[1139.6]
1218,[1140.4408],[1140.1]
1219,[1140.7025],[1137.4]
1220,[1136.8772],[1134.7]
1221,[1134.1349],[1136.]
1222,[1136.3243],[1134.9]
1223,[1134.213],[1134.2]
1224,[1134.0375],[1131.2]
1225,[1130.1356],[1129.6]
1226,[1129.1003],[1129.]
1227,[1128.5183],[1129.9]
1228,[1129.954],[1129.8]
1229,[1129.5885],[1129.6]
1230,[1129.6089],[1129.]
1231,[1128.8658],[1128.2]
1232,[1128.0233],[1127.6]
1233,[1127.4298],[1123.]
1234,[1121.487],[1120.7]
1235,[1120.0028],[1118.]
1236,[1116.6748],[1117.6]
1237,[1117.1267],[1116.7]
1238,[1115.9395],[1118.3]
1239,[1118.6318],[1117.3]
1240,[1116.7747],[1118.4]
1241,[1118.947],[1116.4]
1242,[1115.7183],[1117.9]
1243,[1118.6265],[1119.9]
1244,[1120.3925],[1120.5]
1245,[1120.8528],[1121.7]
1246,[1122.3826],[1124.5]
1247,[1125.6388],[1127.8]
1248,[1129.1235],[1128.2]
1249,[1128.7552],[1123.8]
1250,[1122.9889],[1119.2]
1251,[1118.1624],[1116.7]
1252,[1115.7217],[1116.8]
1253,[1116.3224],[1115.1]
1254,[1114.0352],[1114.2]
1255,[1113.7358],[1112.3]
1256,[1111.4465],[1109.4]
1257,[1108.3713],[1110.7]
1258,[1110.9392],[1115.5]
1259,[1116.6489],[1119.3]
1260,[1120.4597],[1122.2]
1261,[1123.6155],[1122.5]
1262,[1123.2412],[1122.7]
1263,[1123.4753],[1125.1]
1264,[1126.2814],[1125.3]
1265,[1125.5841],[1125.9]
1266,[1126.5039],[1129.]
1267,[1130.21],[1131.4]
1268,[1132.3516],[1129.6]
1269,[1129.4581],[1130.5]
1270,[1131.334],[1132.1]
1271,[1132.6794],[1132.9]
1272,[1133.3522],[1136.8]
1273,[1138.3301],[1138.]
1274,[1138.5657],[1137.4]
1275,[1137.793],[1140.9]
1276,[1142.4733],[1141.3]
1277,[1141.5635],[1143.2]
1278,[1144.3539],[1146.3]
1279,[1147.5511],[1150.6]
1280,[1152.3718],[1156.3]
1281,[1158.6444],[1161.2]
1282,[1163.4751],[1164.9]
1283,[1167.0531],[1163.7]
1284,[1164.2958],[1166.7]
1285,[1168.6698],[1169.9]
1286,[1171.2366],[1170.1]
1287,[1170.6945],[1168.7]
1288,[1168.8466],[1167.3]
1289,[1167.223],[1166.3]
1290,[1166.0848],[1170.4]
1291,[1171.7146],[1174.9]
1292,[1176.2047],[1176.5]
1293,[1177.4177],[1177.7]
1294,[1178.8049],[1178.6]
1295,[1179.468],[1178.7]
1296,[1179.2196],[1179.2]
1297,[1179.7485],[1183.3]
1298,[1184.8844],[1186.1]
1299,[1187.1711],[1186.8]
1300,[1187.6094],[1189.]
1301,[1190.3485],[1194.]
1302,[1196.0742],[1195.8]
1303,[1196.844],[1199.5]
1304,[1201.5645],[1202.6]
1305,[1204.1886],[1208.7]
1306,[1211.5035],[1208.6]
1307,[1209.2134],[1209.9]
1308,[1211.4832],[1211.]
1309,[1211.8755],[1214.8]
1310,[1216.6051],[1215.2]
1311,[1215.6736],[1214.2]
1312,[1214.5834],[1215.5]
1313,[1216.3784],[1216.6]
1314,[1217.1611],[1219.5]
1315,[1220.7994],[1226.3]
1316,[1228.8698],[1229.8]
1317,[1231.4277],[1231.7]
1318,[1233.4135],[1235.5]
1319,[1237.7266],[1239.1]
1320,[1241.0507],[1242.1]
1321,[1243.9614],[1247.]
1322,[1249.5037],[1250.1]
1323,[1251.9143],[1248.3]
1324,[1248.7223],[1244.5]
1325,[1244.2177],[1244.2]
1326,[1244.5529],[1244.7]
1327,[1244.7788],[1242.5]
1328,[1241.8147],[1244.]
1329,[1244.7297],[1246.1]
1330,[1246.7383],[1246.3]
1331,[1246.6698],[1246.8]
1332,[1247.4639],[1247.9]
1333,[1248.6536],[1250.5]
1334,[1251.7563],[1252.9]
1335,[1254.0981],[1253.4]
1336,[1254.1548],[1254.2]
1337,[1255.1547],[1254.5]
1338,[1255.1082],[1253.4]
1339,[1253.5223],[1251.5]
1340,[1251.2812],[1251.8]
1341,[1252.1476],[1251.9]
1342,[1251.961],[1253.4]
1343,[1254.1177],[1253.6]
1344,[1253.8656],[1254.8]
1345,[1255.6498],[1254.9]
1346,[1255.2708],[1251.8]
1347,[1251.2365],[1250.2]
1348,[1250.0948],[1251.5]
1349,[1251.9443],[1254.6]
1350,[1255.6055],[1255.1]
1351,[1255.4733],[1254.1]
1352,[1254.3651],[1255.]
1353,[1255.8054],[1257.4]
1354,[1258.487],[1255.1]
1355,[1254.6737],[1255.4]
1356,[1256.1426],[1254.9]
1357,[1254.855],[1253.9]
1358,[1253.8921],[1257.2]
1359,[1258.5353],[1259.4]
1360,[1260.2129],[1261.4]
1361,[1262.6438],[1263.4]
1362,[1264.6766],[1266.1]
1363,[1267.6818],[1265.6]
1364,[1266.0839],[1267.9]
1365,[1269.4954],[1269.3]
1366,[1270.1688],[1268.7]
1367,[1269.1469],[1266.8]
1368,[1266.7643],[1263.9]
1369,[1263.3497],[1261.3]
1370,[1260.6312],[1261.1]
1371,[1261.0034],[1260.5]
1372,[1260.1376],[1257.2]
1373,[1256.1733],[1255.9]
1374,[1255.6497],[1254.5]
1375,[1253.9094],[1254.3]
1376,[1254.2549],[1252.8]
1377,[1252.2667],[1255.4]
1378,[1256.4508],[1255.8]
1379,[1255.9099],[1254.7]
1380,[1254.8324],[1255.1]
1381,[1255.6423],[1255.7]
1382,[1256.1368],[1256.]
1383,[1256.4138],[1257.2]
1384,[1257.9524],[1259.4]
1385,[1260.4669],[1257.3]
1386,[1257.0033],[1257.3]
1387,[1257.9661],[1256.8]
1388,[1256.8079],[1256.7]
1389,[1256.9751],[1256.2]
1390,[1256.2277],[1254.9]
1391,[1254.7216],[1252.9]
1392,[1252.4607],[1252.5]
1393,[1252.5232],[1252.2]
1394,[1252.0919],[1252.3]
1395,[1252.4548],[1251.2]
1396,[1250.9803],[1250.2]
1397,[1250.1329],[1252.]
1398,[1252.7664],[1254.3]
1399,[1255.1542],[1257.8]
1400,[1259.3477],[1262.4]
1401,[1264.4554],[1262.4]
1402,[1263.1234],[1259.8]
1403,[1259.9814],[1258.8]
1404,[1259.1412],[1256.8]
1405,[1256.3325],[1252.9]
1406,[1251.7687],[1249.5]
1407,[1248.3962],[1246.2]
1408,[1244.8612],[1246.8]
1409,[1246.7288],[1247.7]
1410,[1247.6012],[1246.2]
1411,[1245.7344],[1246.2]
1412,[1246.4807],[1243.2]
1413,[1242.2933],[1241.1]
1414,[1240.692],[1240.5]
1415,[1240.2191],[1239.]
1416,[1238.3901],[1235.9]
1417,[1234.8905],[1235.7]
1418,[1235.6545],[1236.3]
1419,[1236.2784],[1238.8]
1420,[1239.6653],[1237.]
1421,[1236.5251],[1238.]
1422,[1238.8903],[1235.7]
1423,[1235.0392],[1232.6]
1424,[1231.9838],[1231.5]
1425,[1231.1755],[1231.1]
1426,[1230.7941],[1230.6]
1427,[1230.3502],[1232.]
1428,[1232.5012],[1230.8]
1429,[1230.443],[1231.9]
1430,[1232.6323],[1228.1]
1431,[1226.9197],[1229.5]
1432,[1230.3972],[1227.4]
1433,[1226.4607],[1225.9]
1434,[1225.7067],[1224.5]
1435,[1223.9752],[1225.7]
1436,[1226.102],[1224.3]
1437,[1223.7284],[1224.8]
1438,[1225.2325],[1227.]
1439,[1227.752],[1231.5]
1440,[1233.1974],[1229.7]
1441,[1229.4482],[1226.4]
1442,[1226.168],[1227.9]
1443,[1228.7273],[1227.9]
1444,[1227.7974],[1225.4]
1445,[1224.8197],[1222.5]
1446,[1221.7474],[1222.]
1447,[1221.8226],[1223.3]
1448,[1223.5248],[1227.3]
1449,[1228.5757],[1230.1]
1450,[1231.1705],[1228.7]
1451,[1228.843],[1229.6]
1452,[1230.6572],[1229.8]
1453,[1230.1503],[1229.1]
1454,[1229.2638],[1226.8]
1455,[1226.318],[1227.]
1456,[1227.2836],[1224.3]
1457,[1223.322],[1223.8]
1458,[1223.8226],[1225.5]
1459,[1225.905],[1226.2]
1460,[1226.4246],[1228.7]
1461,[1229.8207],[1230.2]
1462,[1230.9661],[1231.]
1463,[1231.809],[1233.4]
1464,[1234.7175],[1234.8]
1465,[1235.6824],[1233.]
1466,[1232.9751],[1232.7]
1467,[1233.1718],[1233.3]
1468,[1233.6691],[1233.8]
1469,[1234.1487],[1232.7]
1470,[1232.5709],[1229.3]
1471,[1228.4708],[1229.6]
1472,[1229.903],[1229.2]
1473,[1228.8667],[1230.3]
1474,[1230.7754],[1230.6]
1475,[1230.744],[1233.9]
1476,[1235.309],[1232.9]
1477,[1232.7703],[1230.7]
1478,[1230.6409],[1229.8]
1479,[1229.8027],[1230.7]
1480,[1231.0638],[1229.2]
1481,[1228.7112],[1230.6]
1482,[1231.3263],[1230.7]
1483,[1230.7278],[1231.6]
1484,[1232.2402],[1229.8]
1485,[1229.4243],[1227.6]
1486,[1227.2671],[1225.1]
1487,[1224.3685],[1226.7]
1488,[1227.2184],[1227.7]
1489,[1227.7888],[1227.9]
1490,[1228.1635],[1228.5]
1491,[1228.9817],[1228.7]
1492,[1229.0513],[1228.9]
1493,[1229.2975],[1227.8]
1494,[1227.7139],[1224.7]
1495,[1223.9579],[1224.9]
1496,[1225.142],[1226.1]
1497,[1226.3173],[1227.9]
1498,[1228.5587],[1230.4]
1499,[1231.4495],[1231.7]
1500,[1232.5233],[1233.1]
1501,[1234.1514],[1234.3]
1502,[1235.2141],[1234.7]
1503,[1235.3483],[1233.5]
1504,[1233.5824],[1234.4]
1505,[1235.117],[1237.]
1506,[1238.0153],[1238.2]
1507,[1238.8644],[1239.1]
